Pump Delay (ps),0.0,0.1,0.2,0.3,0.4,0.5,0.6,0.7,0.8,0.9,1.0,1.1,1.2,1.3,1.4,1.5,1.6,1.7,1.8,1.9,2.0,2.1,2.2,2.3,2.4,2.5,2.6,2.7,2.8,2.9,3.0,3.1,3.2,3.3,3.4,3.5,3.6,3.7,3.8,3.9,4.0,4.1,4.2,4.3,4.4,4.5,4.6,4.7,4.8,4.9,5.01,5.11,5.21,5.31,5.41,5.51,5.61,5.71,5.81,5.91,6.01,6.11,6.21,6.31,6.41,6.51,6.61,6.71,6.81,6.91,7.01,7.11,7.21,7.31,7.41,7.51,7.61,7.71,7.81,7.91,8.01,8.11,8.21,8.31,8.41,8.51,8.61,8.71,8.81,8.91,9.01,9.11,9.21,9.31,9.41,9.51,9.61,9.71,9.81,9.91
-0.3,1.087213064569053,1.0889309692115519,1.1039002342698776,4.205677407613122,1.0317520497836543,1.02958771400224,1.0299342953433945,1.0380769406795247,1.0544093814412423,1.0737510462832938,1.0862897697442984,1.07946344206218,1.046216570887381,0.9980098812525063,0.9591827537272841,0.9449851280531316,0.9575188204473054,0.992015754313303,1.035597705277773,1.0662628597110086,1.067123523448226,1.0441309991069154,1.0189790940644272,1.0079088719848943,1.012370246331074,1.0231513859902102,1.0291077966227267,1.0245492952753656,1.0114940284239404,0.9968323176391801,0.9882789162663406,0.9905155396545835,1.0016422813170824,1.013533147713907,1.0174791083818184,1.0106273116757831,0.9986328050183458,0.9916085419136706,0.9949822533736163,1.0039115100764981,1.0078025479671713,1.001639583720093,0.9898581785682262,0.9787801989834567,0.9717308090526804,0.9698277475043358,0.973124246051831,0.9809309960499732,0.9922965203266143,1.006650190376721,1.0242331470287076,1.046955395811774,1.0828012706548469,1.1753290843669575,1.498512135726006,1.1915597668677025,1.0931073620639131,1.0471178252150466,0.9914221304494867,0.9386871987841182,0.9105098665175408,0.9085622075618527,0.9222705083015633,0.9417796389706639,0.9639385296012453,0.9901060960567104,1.0187424867175872,1.0413654314166876,1.047711847302337,1.0346719335122958,1.0103128604464513,0.9884693162369382,0.9763833746482605,0.971597145690312,0.9729066641686994,0.9859908399020902,1.016441605720872,1.0584407636351463,1.0900486839187364,1.088099315452182,1.0522541848678213,1.0027282224012455,0.9602891238802252,0.9376441919086468,0.9385343519431733,0.9575302315959208,0.9853838366472519,1.0164578834939808,1.0474688179161702,1.0678629625877665,1.0575756626027244,1.0064120968219927,0.9247820757329344,0.826984107006681,0.7257809682186566,0.6433882757014284,0.6032111339449201,0.6132739125796157,0.6651188314634237,0.7387163733844396
-0.25,0.9136262721007529,0.8947633515822615,0.8091827842423156,0.29393987456078813,1.6420641479948115,1.258957003608952,1.1546489200680246,1.091906501101771,1.0482415317926725,1.0223766799898206,1.0131106052391319,1.014542035705411,1.0164905440987018,1.009112056252989,0.9896708323131196,0.9641873456004415,0.9421767060873139,0.9304528300772928,0.9297728859476053,0.9364587240345399,0.9470031978403554,0.9589283640473992,0.9712365042281701,0.9862496294693681,1.0061491453807483,1.0275263430886137,1.0408041587896564,1.0364555602770666,1.0152228401482708,0.9914192679913245,0.9814879725543949,0.9901811336144618,1.0081839105557533,1.0196117351640483,1.0141905386672336,0.996413086911189,0.980362765412192,0.9757475273048435,0.9819163609212261,0.9914236767874434,0.9969721576532732,0.9974715568470035,0.9965863617754523,0.9968828519534052,0.9982826680475241,0.9997192617224905,1.0007481759981414,1.0020361349317697,1.0046009927811044,1.008927525941237,1.0152560249952005,1.026712735321092,1.0753682045423323,1.5670506011457879,1.1340481109395553,1.0328101231904594,0.9909022521941361,0.977104088726855,1.0003826524847335,1.0475678556826769,1.0906093891902469,1.1082067532593831,1.099577414756669,1.0789176479305478,1.0573686081963505,1.0366801277908961,1.0152809912835805,0.995852376903456,0.9846073445982837,0.9823112104189389,0.9800284156636551,0.967309607138591,0.9452617158690435,0.9292574203286798,0.9347291206684105,0.960653722072443,0.9905386603597401,1.0078516460559737,1.0085278756388234,1.0014194456667151,0.999185698020148,1.0081824056265438,1.0235131060810403,1.032085959331758,1.023580726382358,1.0005080081089843,0.9767927730758967,0.9663636175943108,0.9726174026509209,0.9872909067237677,0.9971741361156418,0.9933349428853834,0.9792795200502253,0.9693036217276058,0.9761797696667187,1.0047526828658835,1.0549871827382384,1.121974230876758,1.187661339007611,1.220928995279343
-0.2,0.9604826942969702,0.9445622371643771,0.8726804640674569,0.8621368470494745,1.3541441800439915,1.1808983271706104,1.1302535524471933,1.1073541784646952,1.0964813080480258,1.0913292044830243,1.0848010534175387,1.068907136606206,1.0426459051363133,1.018393523519823,1.0117591682505278,1.0230125818039337,1.0337702058511091,1.0205477403373668,0.975585128868659,0.9182854439872239,0.8802132147130353,0.8801659920084679,0.9138683701551222,0.9623863619204406,1.0068445580567724,1.0357379368194661,1.0438763220881435,1.030879857253893,1.0031897460094803,0.9747453965381276,0.9603102434951504,0.9642325665466754,0.977155451246181,0.9874382378168723,0.9930067418667942,0.998897900899038,1.007244093015231,1.013549737330604,1.0125764799692403,1.0051622633154853,0.9979177779449216,0.9965097249378118,1.0005764258016587,1.0061951236959503,1.009993980102593,1.009803405151178,1.0042637225688982,0.9936108570752973,0.9802025188458187,0.9673838243452307,0.9585389804970774,0.9605422624094125,1.0294690436522982,1.3086226723251766,0.9439600618292645,0.8835802522970704,0.8501971236470887,0.833964604320007,0.8360496074177001,0.8480946254279472,0.8598722306628295,0.8638150825003773,0.8588066908213665,0.8542282533943365,0.8634054115536715,0.8909946883665026,0.9273618066715474,0.9569579901714955,0.9716136548242872,0.974206433497141,0.97168396364824,0.9653574012786504,0.950054935605481,0.9263799769122864,0.9071962833784044,0.9080109110431909,0.9342232842952353,0.9749180894167669,1.0081146835297115,1.0193528635223055,1.015919403297568,1.0154366158105175,1.0269914626646954,1.049424269542559,1.0780903939475497,1.1038665184271712,1.108939372636606,1.0789694472173064,1.0228084114037082,0.9691164377164064,0.9497715297161139,0.9856861575955934,1.071431479822789,1.1678077088202896,1.2166667635855803,1.1804892420901456,1.0758363046800434,0.9530411828285705,0.8536666673668736,0.7978476334005282
-0.15,0.9706213037295247,0.9693092340507028,0.9501970275413519,0.9663523719580842,1.0423045223251777,1.0818370441371847,1.1336459380551827,1.1847528945059551,1.2224830696907196,1.2469041657305522,1.2676289530211375,1.2932030886435155,1.3229050259890136,1.3426620114658812,1.3329249037549515,1.286609266258864,1.2158778236776546,1.1424654910145953,1.081368245099391,1.0303792455065497,0.9776768344340737,0.9206424841059416,0.8724561647032134,0.8463098692253939,0.842539644055377,0.8540734107059911,0.8734896605840246,0.8946414785152256,0.9125130345599247,0.9243762839687146,0.9322445940396265,0.9420010557338401,0.957684526362567,0.9772865110433989,0.9935560126415793,0.9989040236092098,0.992774207369851,0.9835949436864366,0.9803621965354913,0.9847306573345613,0.9917611118226421,0.9962328942715465,0.9972909014023326,0.9969296476349625,0.996712582306174,0.9965495128160979,0.9948167060656329,0.9891062896381511,0.9770366715283401,0.9559026222511247,0.9206321863612303,0.8612264389965446,0.7968695714295606,1.240815634440841,1.5057421995512725,1.398170033570175,1.332644911047323,1.2824792790571875,1.2167473184133402,1.126349214358509,1.016528403613016,0.8990353608979007,0.7957675463862814,0.7318166275826378,0.7168872837307867,0.737713279317253,0.7724024049000583,0.8070592356182807,0.8371389047461025,0.8613303701370978,0.8790723244448908,0.8926656947453214,0.9073110495824532,0.9266749653558796,0.9501511054447334,0.9750725491827958,0.9998341362076214,1.0229632237112936,1.0403557976137725,1.0475034062646333,1.045162271344273,1.0403608027126843,1.0403697014380422,1.045634246066044,1.0509079910562424,1.05397660172189,1.0584786633603231,1.065505633596386,1.0669427326373273,1.0531139307106896,1.0275744129698405,1.0104696158157114,1.0230403786972813,1.0674464266884505,1.1224535098125903,1.155448501287548,1.1413398692412264,1.079873238323977,0.9931233221772845,0.906874093843799
-0.1,0.7828201948931376,0.7418526408555227,0.5616683904411325,4.0006027843757686,1.628932589021676,1.3443654327508991,1.2587451404613064,1.218172215489582,1.1882290762289078,1.1631032530540686,1.1493514628623072,1.1544054175742422,1.1788485657072374,1.2124079740714397,1.236096068334218,1.2300646123008103,1.1823554277003627,1.097154185271479,0.9953435584516238,0.9001004840031772,0.8221406003382165,0.7608041438523403,0.7155292175818154,0.692778109301953,0.70062315132397,0.7392346489952509,0.7987649930147608,0.8633178713165801,0.9170152348204149,0.9504820499912634,0.9641416161170616,0.9666230089494747,0.9694081375222631,0.979577178785773,0.9959378593437981,1.0125263174095323,1.0252185213345426,1.0349568717160247,1.044335447915228,1.0502379192813887,1.0439058569175088,1.0235704576531972,0.9992881346996387,0.9816430976044029,0.974008849472534,0.9730469180219674,0.9717159349795076,0.9633249610788873,0.9444364882550057,0.9138522918339823,0.8692723876709972,0.8084818056499798,0.8336755715366023,2.776621057095727,2.0233647997768087,1.6435847829800836,1.5625787918258456,1.525479477338541,1.450914490265998,1.368130298566211,1.3184045277688297,1.2959862044836299,1.2619286193871369,1.1772152148093644,1.0333778912203935,0.8594713547170001,0.704118470718101,0.6103799964366005,0.5951526734880468,0.6380828144749722,0.7026287400653475,0.7655124338714995,0.8211004584032129,0.8695699373580387,0.907764497441858,0.9322764230690005,0.9466199192980949,0.9595746338364057,0.9764199199790263,0.9938492948088329,1.0056658744779687,1.0132427300823181,1.0264535820383658,1.0535673374576786,1.091549478905697,1.1277017489529224,1.1519948257449202,1.1650705030614787,1.1732354280688382,1.1804098206818485,1.1879127121282516,1.1988893799469824,1.217087359836809,1.2397473349459003,1.256664290160151,1.2605314358621562,1.254277296061422,1.242811080741651,1.2216530126012126,1.1819973904968872
-0.05,0.9300456961935591,0.9163202939412427,0.8400665038344856,3.1079166358157213,1.244009356732873,1.1808234731691456,1.1737365989741306,1.1759737352865887,1.177847242970391,1.180623921852985,1.188723858527154,1.2041687482315986,1.2233283007721958,1.2371111188723396,1.2366289829442745,1.219497175807459,1.1889259756715016,1.1493294990633933,1.1043843918613834,1.0563873336394347,1.0060272597983295,0.9541656867110588,0.9044903756733756,0.8631426886790176,0.8347367512150249,0.8197140624587813,0.8163886877597853,0.8233588418198646,0.8381506408889977,0.8560177545976707,0.8731558324168236,0.890582372430025,0.9122741459812694,0.9385765358507161,0.9632432315986886,0.9794489985804373,0.9881075933410839,0.9963808325647227,1.0073164121565683,1.0141588506138504,1.0095046201158009,0.9990466518862353,0.9941405211022705,0.9971176948850885,1.002415988149961,1.003962953767328,0.9997551521123159,0.9919300746015138,0.9837623167322678,0.9778704523064993,0.9791353552435537,1.0153990645164883,1.3498081208663708,3.071317543090024,1.7942767717363843,1.5622190689477167,1.5411343936667223,1.5418670148088651,1.5003031201468242,1.4312874737897634,1.3775135060425174,1.36055099162265,1.3703352311877184,1.3784884661773806,1.3592651014466108,1.3054443240125495,1.2314219634245451,1.1587429999971524,1.0980532921001234,1.0415474350491727,0.9648905650249303,0.8424201850615812,0.6756473000299915,0.5076725511059057,0.4000904529794215,0.39387299097864475,0.4735780353295508,0.5866851375778078,0.6939875924170783,0.7811678390707525,0.8507952226800456,0.9092193476846167,0.955833012418905,0.9852175575000006,0.9980321449709896,1.0055795951893725,1.0227635013167522,1.053684936977157,1.0843420500090308,1.0972138723215343,1.0944987104665862,1.0977018150982307,1.1204797517372185,1.1477422944493525,1.151426174845757,1.1283494670969774,1.1044031027753898,1.1027309025770793,1.123683171469908,1.1516004268983484
-0.0,0.8800409770614765,0.8458103398317086,0.6920078578527125,1.3254915064287651,1.337219823734368,1.2330389617790833,1.1915251462781205,1.1707320686899305,1.1582096597260234,1.1513880915222763,1.1496375508381458,1.1505591762261094,1.1496737371247763,1.1430503381532837,1.130973727383768,1.117642531926888,1.1064875343893843,1.095647731867751,1.0774885868423858,1.0445720061900559,0.9983222516659098,0.9522936619896748,0.9235303817518099,0.91003280803421,0.882518128033286,0.8194206790736618,0.7379166681275888,0.6779495300601965,0.6666242129152308,0.706488449518595,0.7871965627719999,0.8838061614856738,0.9574041851672032,0.9850507497570407,0.9760017294365665,0.9538817977483844,0.936693819278905,0.9280598840517107,0.9216795244356605,0.9157179387681245,0.9186545030036469,0.9374051517885558,0.9664643814842986,0.9939060527096271,1.010697429396876,1.013487995668689,1.0046508015055378,0.9905045772419834,0.9774135086012273,0.9699741935926066,0.9767930599859626,1.05143566191656,1.7778405758524694,5.660723743099928,2.167096552063152,1.8262157434014339,1.78246136933192,1.7873878857427867,1.7541602694263863,1.6828249702310825,1.610561369453357,1.5571362548244392,1.5216500340598562,1.4979012791099207,1.4831959744813203,1.4758926925079174,1.4661594864710046,1.4365649217598007,1.381392927028804,1.3190836714541283,1.2816405520134955,1.292635743892932,1.346379554029863,1.4004976628811807,1.396505235334673,1.3010805813454327,1.1158687779495464,0.8468681133601136,0.5049954401412765,0.14448733246730486,0.17353544597141438,0.38282569761334034,0.5016684626160564,0.5671469727221827,0.6243189140670885,0.6922230739489238,0.7641093208733364,0.8299897828563304,0.8835219634897654,0.9208087957337358,0.9449121741372896,0.9667225094360139,0.99424286855822,1.0248510092002892,1.0473762354167229,1.0555389573304632,1.0614964003962455,1.0866308339831887,1.1386969739994717,1.1980589431613593
0.05,0.8812432379848989,0.8677398158064192,0.8078085188032595,1.198564175416678,1.2836155668693272,1.1714637127198897,1.1528423288710659,1.151908258068998,1.1495178903828225,1.144666891167179,1.1461703133576695,1.164331832188197,1.202196487169336,1.2493435772465658,1.2876532053135217,1.3063886989763074,1.3067209553810246,1.2930293952529965,1.2648246054127659,1.215872314925697,1.1399899322520457,1.0385520962697705,0.9216311730703001,0.8017654222741764,0.6896476365806605,0.6011630968663558,0.5659397322235961,0.5956802668398017,0.6558390809273982,0.7129561556807299,0.7620701730047635,0.8114257398603769,0.8614515029964886,0.9024639776799643,0.9304220149301903,0.9493289952379087,0.9619899918706645,0.9660476955588921,0.9590203653273609,0.9463973740260065,0.9420027446102773,0.9551238455066277,0.9804057270689795,1.0057285407388787,1.022166033633057,1.0263344197444648,1.0201448047813342,1.009010285322251,0.9987192582916818,0.9948358539860881,1.008449866547781,1.0809173223513118,1.4144572279455514,3.108351430813247,3.4343919018453093,2.337145849337781,2.0359696498785826,1.9425331029820472,1.8908117081148006,1.8231505563706125,1.7339915921770983,1.649018504961301,1.600976022687371,1.6030937223051884,1.6283362749903707,1.6272376871797891,1.593592734599309,1.5646349215129773,1.5688341724666146,1.6098831916848884,1.6616441817467917,1.65984847594266,1.543556720653884,1.3335970261301595,1.0987402108040634,0.8735075103553334,0.6509876708597018,0.416915832706913,0.18872503747576214,0.15492906322595915,0.3382909939379575,0.5128554339323269,0.6539802774690823,0.7567250818440768,0.8216124766049198,0.8549465867049328,0.8680991913538129,0.8777366598535962,0.9022333541717472,0.9512568383688297,1.0223788634342603,1.1080778262222144,1.196900843138258,1.2695265424109283,1.306234716349868,1.3051489089822021,1.284604427690964,1.2653622411072174,1.2578759408768916,1.264190516668808
0.1,0.8485016061276326,0.7988395591674743,0.4603156119760895,1.7900013801647583,1.3112217417508147,1.23255076387883,1.225608936283683,1.2439869028120294,1.2618924395811917,1.2684989660100368,1.263842584505536,1.248502604655656,1.223815137920231,1.2022253510722989,1.207051439191111,1.2486796545410703,1.3067321334713697,1.3418532974886122,1.3286482261465191,1.2814890024154881,1.2353655416673015,1.2108250868822263,1.2061080192869849,1.2076765311777953,1.2033171055075007,1.1896584093006348,1.1693511843203068,1.1442576405007245,1.113668301077748,1.081576594874246,1.0623487748140386,1.0682177780092803,1.0941866177843638,1.1207425118271865,1.1280528019470768,1.1099685555699987,1.07851040006326,1.0525325300903683,1.0412309411597784,1.0389105845394493,1.033823495977514,1.0226635118759164,1.0121968218281048,1.007227073187091,1.006068620399588,1.005885107914503,1.0088134551213226,1.0236732531501902,1.0648499037186216,1.1573771249592877,1.362910109247983,1.8828503997262043,3.6891089376178714,12.976849182976766,4.865683186914292,3.1662337179739395,2.610017610662124,2.3504407993836605,2.2268287904969934,2.1821930121683097,2.1658853331702606,2.1344815674747055,2.079482239128444,2.0230360676238512,1.9842082691827854,1.9709660945883156,1.9897351580174882,2.038590637892807,2.0866320212564093,2.081440511565951,2.0081611208595476,1.913975114599074,1.8535638576958091,1.849777106317849,1.8938115978953165,1.9529630736747796,1.9840361711151582,1.9619514431271265,1.8976040159415397,1.8189498593791702,1.7473191006711468,1.691705787056053,1.6487917818583364,1.6044980276064968,1.5445968674143422,1.4716426733232986,1.4087102572107595,1.3821297002327584,1.4011331358037882,1.4479126414192434,1.48481076935858,1.4888082033757306,1.4788033939859022,1.4900413018182384,1.5361251181110425,1.5944974767601454,1.6276473620865755,1.6327170604983803,1.6342393391112824,1.6381544236619316
0.15,0.7192371504251259,0.6688664877748379,0.38679146910494694,2.2594112372211828,1.243524534951396,1.1035901206232859,1.0703189456765878,1.071549474631524,1.0733044333108406,1.0615701272238987,1.0386349273627822,1.0159746414789452,1.007822290519489,1.0197829061716581,1.0422371877934744,1.0602094192526377,1.0663427892186006,1.0632448406503558,1.0548536331257787,1.0371749946949522,1.0002269464071734,0.940450419456194,0.8696577415540764,0.8050055380364178,0.7519481597208796,0.7067081123678944,0.6697731971549752,0.6473400321474477,0.6450562558581747,0.6694610445724991,0.7282765853008518,0.8178888364970728,0.9145913478860346,0.9884789318315776,1.0239971655555902,1.0254470341952746,1.0099750332896333,0.9941072031047741,0.9832017490606704,0.9762911910833404,0.9768893190689136,0.9907694991549334,1.015239126322189,1.0399543933389053,1.055619653595782,1.059647942912935,1.0578914289263124,1.0613892050834746,1.0809263368508957,1.1280274042935206,1.231769151123849,1.520543628959558,2.9798264512537833,9.062640154453485,2.7446006737861315,2.1765716004853726,2.078388304502837,2.0722011426995515,2.0279714647533953,1.9188331270449768,1.7866461956713702,1.669611333147011,1.5853775388716926,1.5425725820495075,1.5454345242799172,1.588107553234096,1.6446835264655677,1.6702532499661065,1.6338097665390194,1.562404373022208,1.5227187272045566,1.5620238714276704,1.6765914727142959,1.790025845873406,1.7909621415909336,1.6933570003856975,1.6022860396839824,1.5412189729353996,1.4366520709122008,1.1961813397848509,0.8218115523316992,0.42507658211665234,0.1421676283446743,0.22932212091955156,0.43035155723543267,0.6135658310529827,0.7335597949422971,0.7876975790418368,0.8163626515666007,0.8641016596405839,0.9531462944263265,1.0580568827445618,1.1216961007697048,1.1145415995010859,1.0629455939193722,1.0257941286326715,1.0454118702628334,1.1173116557799618,1.2032372961032944,1.2533552464553133
0.2,1.0165237371816225,1.0073622956284856,0.9166755254839563,1.1154456677674371,1.0749059834115322,1.0752340283120472,1.0883104660068863,1.1011633801175849,1.1016255566791995,1.086368393045231,1.0604828729877809,1.0328749217368995,1.0146642368182572,1.014581407365766,1.0286219031435964,1.0419169864560092,1.0426206659243606,1.027953656820645,1.0023770033858534,0.9729166761968236,0.9436257456065659,0.9139725515696132,0.8841167709597572,0.8626053718042364,0.8639555189986806,0.8939357134224414,0.9449214235640117,1.0060395021809665,1.0683078673880875,1.122381638602293,1.1589303909609097,1.1754114025933244,1.1808999106082083,1.1894094541516744,1.207175545218809,1.225434345006388,1.2265582068604066,1.2014500658573974,1.1569971394971572,1.1070482157679478,1.06483294200187,1.0390050982699541,1.0293639215736292,1.0288774782087204,1.0295902599685816,1.0267383244614057,1.0212603198005903,1.01946919768575,1.030721670674707,1.0695018610233358,1.1710505321673172,1.4548549782290305,2.4827027327962763,7.632303347192326,3.826910288717675,2.571616790188863,2.234138701435421,2.1133080403861664,2.053289629110019,2.007516445231918,1.9533179844689457,1.8844069714531468,1.82332446544277,1.794904390845616,1.7891884614034075,1.7723000031486789,1.7293562767326327,1.6759725698096801,1.6205875560486847,1.5390195432759912,1.3981633385386396,1.20488004438645,1.0049274002720663,0.8372307577436664,0.7300359102613031,0.7076784134302262,0.7513013082402493,0.8211764280473348,0.9115735660225768,1.0269586095933738,1.1512777311724878,1.250881313986925,1.301641270801023,1.3126236678868202,1.314620579971454,1.328783308039671,1.3522032932787476,1.369827692119514,1.3750010782103117,1.3760742208803083,1.3873475885212432,1.4173545900798998,1.4633308862717826,1.5145708092078123,1.5609357883297768,1.597750605764653,1.6239707556344491,1.6397602683001022,1.6475899685882074,1.6528749297378564
0.25,0.8889855324836494,0.8766694891296465,0.8967755340258942,2.0247441925314877,1.4553877523092953,1.385611157714732,1.402789582715849,1.433425601920686,1.4524088573217746,1.4518996989398418,1.4338432462851924,1.4088016457405577,1.3936672622785402,1.4014869199592899,1.4294454060854143,1.4604232761705864,1.479505577962588,1.4852284826857383,1.4839563069467665,1.4777645580193648,1.4578825780825173,1.4104386725526905,1.3338977779707988,1.2486858737682702,1.1833742060947492,1.1538356159924068,1.1557748982934277,1.1722179212669788,1.1876444970050943,1.1992225977329543,1.2148016023242367,1.2377258894049932,1.2600380807160723,1.2740121924207186,1.2817353934935487,1.2909578718337622,1.3048946799299468,1.315504109079132,1.3044982856595386,1.2552218417880667,1.175289493926368,1.0976387134847483,1.0459412378056323,1.019857439974746,1.0084602070419877,1.0027238678124073,1.0018546910166237,1.014944045258384,1.0596242466243575,1.1662763268264102,1.4017172566350302,1.9536844588118782,3.4811028107304813,7.0450463486104455,5.484462259209972,4.1010728334826325,3.5482445730671026,3.1457091247050615,2.79924158424193,2.5670052939896006,2.4437757922598027,2.380452955307686,2.330917418087965,2.2735323421199514,2.2085252986952435,2.1460574299950532,2.098279694177353,2.0719285857249434,2.061576482856434,2.0534051366212083,2.042405343288566,2.0447743955586035,2.084098782817092,2.161289144353073,2.2356796523980047,2.242453259944274,2.1499291806433267,1.9896785309103775,1.819449214682698,1.6838315077261072,1.6047856383670078,1.5829550687735867,1.6036182282242217,1.6496607723422512,1.710737587258529,1.7771865712795316,1.8283152345812228,1.8406104992280006,1.813507759696003,1.7709094999432506,1.7394861145117422,1.7363344311414015,1.766421851967641,1.8169875566862927,1.8517415274116387,1.8328704859333858,1.764785467474693,1.6856243784841056,1.6250795702920742,1.5938218511023565
0.3,0.17006982428019157,0.35330918362317204,5.570607625975192,2.0449169350470418,1.569119015501597,1.4800848712186305,1.4840336005487724,1.502668549967474,1.4989346141438624,1.4657425626969394,1.4166889621950878,1.372194039222049,1.3485738069036353,1.3507477061541362,1.3705827847066336,1.3935231701052946,1.4089998595395903,1.4149910900537597,1.41433600792944,1.4102005712991903,1.4043963772030543,1.3939373163768027,1.3670633349720134,1.3130857275898087,1.2426169715992954,1.186690333978114,1.1769821851973525,1.231162124228405,1.3401791928714704,1.4540197049871177,1.5054850657589005,1.4809094843012578,1.4273934610696715,1.3882013170697198,1.3731080357524394,1.371545936530303,1.3719382324690712,1.3666461911420131,1.3422463091959667,1.2791082822604232,1.1797388843790098,1.0823483657212574,1.0203239517496718,0.9936129102332875,0.9827871313186485,0.9711056423706531,0.9574224503859584,0.9555412737392975,0.9845829912707168,1.0678104485988902,1.2514742352378818,1.6644904084499583,2.757472448473046,6.505543128132646,7.199455351337563,4.541995054618217,3.7503562227082528,3.416511466530626,3.1459031441993504,2.8884318146924444,2.673931393643813,2.5122681255666888,2.409345007088196,2.377360109756271,2.417987152859934,2.4999150177088176,2.5544771270664994,2.526385933333785,2.4360585437342843,2.3492672316591423,2.3127983902644864,2.3351144931377834,2.390645496444733,2.4263160560987114,2.3746996401599065,2.203643741263727,1.9886823028236298,1.8564907137557136,1.8481741132255451,1.9116497872846026,2.0042623612452264,2.1127330003161147,2.1865776105068044,2.1706727195267024,2.10974578435708,2.0625951497917496,2.0089864104048805,1.9102100938555893,1.7865426264710975,1.6936917748862295,1.6560167445754892,1.6449925073353984,1.6106663739331049,1.5474046348114658,1.5016586114517976,1.5106057650396252,1.5657677178850071,1.6203891054514574,1.6295823806649323,1.5989786156673547
0.35,0.7747512571180686,0.6592309257342878,0.07358450369522923,1.96637621982218,1.8507444952821237,1.6610591845280527,1.5746786129251855,1.5356110649634935,1.5185868723686313,1.5104332598763233,1.5049808548718069,1.5006743954359434,1.498039038313602,1.4957425223659058,1.488996714438331,1.474012398662049,1.4523125597875846,1.4296318899301428,1.4121619624610207,1.4029643860305114,1.399692874080751,1.3956195415482557,1.38544044276165,1.3714462906627187,1.3614708559170032,1.3596993149601542,1.3622840813778894,1.3633286927564903,1.3634607076763055,1.3710262402998208,1.3938511944782523,1.4280523679944686,1.4554825929273074,1.457295991237164,1.4325937464637029,1.3984731970341515,1.370573682018118,1.347647947663314,1.3135922341678663,1.2540266016118213,1.1759437352984647,1.1059167115387591,1.0629767794663063,1.0441418802811882,1.0344510054442702,1.0218466390785634,1.0071668036135264,1.0054744160103584,1.0403629311134093,1.1456462841344213,1.3946511255340508,2.0217423293447845,4.179950824105071,10.176008146243191,4.425205791170463,3.1334122802231845,2.764954454234366,2.6305329178070944,2.5443460890379463,2.475826999884619,2.431396782877412,2.3939225587456745,2.334276326162547,2.247328352952001,2.158036370131564,2.0998647880459083,2.0999864721712336,2.1712003006780805,2.304233843230567,2.462429884409698,2.576589011257951,2.569039710366107,2.432310693299436,2.2405279907286384,2.058600152182819,1.9046927545168812,1.7746732210296234,1.6830552971292012,1.6555662146744397,1.6262812289909196,1.5622508178739076,1.5125188970175394,1.5151248008811873,1.5795074549804895,1.6880909279111125,1.8066561508860208,1.9048036075839125,1.9621507866330925,1.9638037841491571,1.9140648173762493,1.84862382219687,1.8072294144904915,1.8026617755389773,1.811135226594053,1.7880474165908056,1.7240586436461323,1.6614117474567225,1.6416244891203295,1.682612558733369,1.7861400652080128
0.4,0.9408387979859939,0.9001586700278308,0.6374558566467492,3.456791540878926,1.648131658494213,1.5500454677194864,1.562642959123584,1.5956287013664987,1.6201032006076992,1.6316974781556355,1.637590201466975,1.645521273620989,1.657963312373448,1.6699083544183346,1.6723835843630745,1.6608562497457668,1.6401306806756397,1.6213867367619543,1.6129811586031642,1.6107442049415908,1.5984679477151729,1.565820406062839,1.5290257240158762,1.5222100982696767,1.5652289444076797,1.6453881699561241,1.7174960095505591,1.7183522682039152,1.6197948107685896,1.4777742181575027,1.36954037623571,1.3179186048463398,1.307613594053236,1.3167231927116898,1.3251924604649148,1.3185430571341956,1.2961984562066435,1.2691028697190707,1.2417538071741197,1.203206925234538,1.1437338767736593,1.074615437034148,1.0194466322739781,0.991794696100791,0.986617354372014,0.9886350524800451,0.9895330931775549,0.9995346754691217,1.045845528180415,1.172638337193544,1.468824148043717,2.1931595699850397,4.372435660717837,6.866278816954792,4.205683947623349,3.3314507747640576,3.134038496581494,3.0969667149147613,3.0104354736363876,2.8661682865002502,2.7379860000939398,2.6548689030857324,2.60688147285869,2.5898112736693775,2.608274721358107,2.6443929917971034,2.6407175078896694,2.5543586773261997,2.418424276378085,2.304075440664914,2.2602753548083676,2.2911553642961318,2.356865491381432,2.4030313156667114,2.4052282847246946,2.382244858533617,2.3629160573889774,2.351055880837922,2.349584406300979,2.4010016366486786,2.5718005455186552,2.849891533278788,2.8745127711661644,2.468457063329222,2.0945596777989643,1.6616235340277017,1.2166056792655988,1.0928398186835546,1.2119867322345135,1.483141304322868,1.7139330218108124,1.6827462766382961,1.5147169729445709,1.3793524912520012,1.323181442491003,1.3504369497082416,1.4424431258051493,1.56089998615852,1.6652921101634428,1.7221482450850913
0.45,0.5338897104848529,0.24039900343319176,4.04538432737655,2.0016391630881634,1.7417862512313482,1.6896425615637958,1.6787817771528015,1.6685785686006096,1.6523335764756844,1.636102626205334,1.6293031401143825,1.6406881185158917,1.6721828220308352,1.7112231762113521,1.7370785119427614,1.7436475948577599,1.746226719748276,1.7648707339685297,1.8072982587571937,1.860097920885033,1.8950308649729848,1.8910559435448075,1.8470557709389508,1.7764507360489863,1.701662761865565,1.6480167132402166,1.6298744408617927,1.6394694136732855,1.6500767030876935,1.6357201805380497,1.5953322405783177,1.551581604549719,1.522495852125673,1.5030495664949834,1.4729420660183805,1.4174726185564404,1.3427888361346634,1.269189694437298,1.2091207149582872,1.1578373639783377,1.1064430583603497,1.0577137970899546,1.021237485191254,0.9986382651586065,0.9826561176409075,0.9667379204644004,0.9536752451398158,0.9573539158660036,0.9991644909672087,1.1108841444282462,1.361447381065668,1.9624220530656258,3.8786271965695502,14.526236074951187,6.343483035732982,4.163339396847993,3.555024184707016,3.2231729756945335,2.923476153700202,2.6838431402266156,2.5436011994383607,2.4937643417542645,2.502460087080569,2.5309707587840773,2.5422308726104443,2.5169137229469585,2.4641880177486657,2.405470720765207,2.3496057373882375,2.295276601629452,2.2511713923455154,2.2341012546640284,2.246507348162664,2.2621859266690016,2.2449996779106836,2.2017791161317817,2.187085843685603,2.2261691671249344,2.257243815468469,2.189144544360025,2.0455292336881876,1.9369201146242867,1.925772027608683,1.9863994025658867,2.020537725717225,1.9765962891024722,1.9582055450677778,2.0176375050663276,1.7575333123701669,1.490750482225456,1.559897258533714,1.7022254788255446,1.7711280983781297,1.7722950341574735,1.81991325092102,1.9283092370205717,2.0007147747042864,1.9857599697854804,1.932943632825874,1.919308214379167
0.5,0.9184838852464529,0.8308824337351937,0.22450335323669038,2.706369273277214,1.8451344529467975,1.7078366577505089,1.6629429990621263,1.635402729548845,1.6085763613913888,1.5843732210018053,1.5699265366694988,1.5707093967962857,1.5863509812217729,1.6084906696741805,1.62555454185493,1.6329870532418165,1.636546294116479,1.6462511049413504,1.6675211473080989,1.6930167486464747,1.7028163379266834,1.6806782437055987,1.6306101467216314,1.5716406756362427,1.5219654226711867,1.4912756286266358,1.481944656615348,1.4945667388616755,1.532385404555135,1.5967854722004444,1.672130146146897,1.7163431035741874,1.6932600598868575,1.6171198393871613,1.5248393942797478,1.4322019736631608,1.3374751320117675,1.2402807158833047,1.1469449497088335,1.067245458674546,1.0122969726806461,0.9883545760260811,0.9885924991308521,0.9967592383404869,0.9974082825739968,0.9839598375180695,0.9645484239395951,0.9604072017485337,0.9999410855527813,1.1261537415476122,1.4397093553653355,2.276149799606127,5.4883500634023425,9.830354152739307,4.50779129747959,3.372320408392667,3.025233494299214,2.9005772284882134,2.85378557699609,2.847399543999926,2.8386708957760285,2.772484935360557,2.6472698674180273,2.5119580929827494,2.3970645881310024,2.2980506533821425,2.20419560585354,2.1196125847115916,2.055765950941819,2.0198116276312827,2.015301634282009,2.0401370764068463,2.07395395950748,2.0827010702086612,2.055055730847937,2.011897563859488,1.9785696424695458,1.9628827455850166,1.9522962004171063,1.9337794415061833,1.9116420579143194,1.8921348090939627,1.851873739546906,1.7500359438227349,1.593187647833231,1.4403127012187247,1.3463931665804152,1.3417500088898666,1.4555996018900241,1.834632939615924,2.85831015056839,2.8742388499800695,2.3751786216638986,2.1502842385197645,2.147034038429494,2.269471068081879,2.4050157982104103,2.420334921836351,2.2503523418533944,1.9533653739024492
0.55,2.540744083608843,2.602503995653832,1.0600193462070044,1.3183576599892226,1.5568248903505995,1.6394421791249751,1.6632482489451053,1.6555628026759266,1.6270897476416009,1.5857366885367798,1.5405591637841967,1.5015933332572722,1.4787023748964931,1.4795816962041866,1.5070374978187933,1.5579197913953606,1.624712489312231,1.6969363232404224,1.760523008116824,1.798944718340717,1.8026562498945513,1.7826585773350376,1.7671253388451893,1.776027417133608,1.799705753127794,1.8014337227910162,1.7471085691668886,1.6406385442407527,1.5196193423691413,1.416726902123618,1.3390830171089527,1.2791144396241432,1.2300523428445254,1.1888264347968456,1.1533897748178634,1.1228558994279427,1.0997135366259498,1.0879812913295648,1.0873591333541346,1.0922268752790916,1.0953748839827278,1.0925926049582197,1.0853492762903347,1.07678707561629,1.0653805439635424,1.0471023860924695,1.0252611954000719,1.0165645456471917,1.0500921862354344,1.1712729271144504,1.471963030915442,2.21696831510951,4.604156054926985,11.893558574242306,5.419384386447266,3.6573676326533033,3.0888772235076294,2.826860564282111,2.62888094894137,2.445878440300592,2.3099823450254,2.2541268770538223,2.2842835269231427,2.375051084234677,2.4609727829665533,2.4622545426911544,2.3680669433562027,2.2386924798236847,2.1185263591779946,2.0173568197221927,1.942708243973674,1.9141384547456637,1.9510560978158356,2.053170677756712,2.1813962544919496,2.2556218632333658,2.2242117078116355,2.1363851546767427,2.072608754880832,2.0672520206890637,2.105921915144312,2.140532867489275,2.1298138159748787,2.081622849756108,2.029825170267774,1.9996399981044972,1.9982401125189868,1.985633254397735,1.8442869530800647,1.51960453829351,1.1485815890227355,0.8522024485896972,0.6576654603028995,0.6618090663408164,1.1017167098656284,1.7385719106584587,2.001916276105152,1.8787086091464351,1.705170884497356,1.6342945811795282
0.6,1.2209670096431342,0.7855459077528598,1.1614295866413453,1.436808673436005,1.5920642484277459,1.6690738580300428,1.6958416623569867,1.694457043712025,1.6815368259168322,1.6673557826539493,1.6575114923411964,1.6541404836333375,1.65481106737051,1.6533225158792426,1.6463896373459348,1.6380011177316103,1.6345409277669416,1.637998662933704,1.644781892075382,1.6502602437807417,1.6535064053736794,1.6561960160500901,1.6575870200244516,1.653375998857319,1.640906936307366,1.6242963677076758,1.6124230464208027,1.6110811779194762,1.617008653676195,1.6193530404527163,1.6071044358128679,1.5763502899530375,1.5317877113191392,1.4813976348726008,1.4298447772976828,1.377814319671682,1.326279742624861,1.2778577264438202,1.232872445510913,1.1872860455905547,1.1390765588718936,1.0953102724175028,1.0654458580749422,1.0501482650177418,1.041715772950479,1.0323578005118774,1.0224313597281751,1.0240989064786794,1.0601479207499427,1.1664461319647885,1.4140113642589902,1.9952883686819214,3.629755932434953,8.808852027176641,6.365283535303506,4.2677346475356535,3.5735269790796584,3.2269199806603655,2.9508548694538046,2.704127995633117,2.509382542672587,2.380297103311131,2.313616404584991,2.291931448483611,2.2836764339321887,2.260373618476953,2.220683506004037,2.1814374830182715,2.1522652750121973,2.1260582102266716,2.0896327533334427,2.0452780427875825,2.0138754101811935,2.015583785683567,2.052946279075022,2.101221150066671,2.1160841124896503,2.073644935720527,1.995076534201676,1.9165084126163432,1.857940631249664,1.822908126071829,1.8103474095047851,1.8200213897768793,1.8481970446988623,1.8841954323677321,1.9175952996912715,1.9476903313051739,1.9767423559092991,1.9923748361380953,1.9731544226673445,1.9246689566001145,1.8812325201794093,1.8651876018870297,1.8685093402387243,1.8670427322309935,1.8551030645678939,1.857791972849626,1.8953702394408278,1.9569052469297261
0.65,1.2873291921822188,1.3239908567011083,1.8946332802657078,1.2924577997535525,1.3505953852730554,1.4150102252671068,1.4705344864178995,1.5057497065938241,1.5200823970052157,1.520584285792665,1.5174245818934007,1.5225163281473264,1.5453631236347474,1.5854082557038809,1.6290522828744858,1.658639969868796,1.6686191537446635,1.671141257560481,1.6820736563732137,1.7036734119305326,1.7210057914368753,1.7144659429673141,1.6794306739718545,1.6314804620884273,1.5906909903402011,1.5667893567883726,1.5577540856446563,1.5558575283841636,1.5533379694283356,1.544815866840911,1.5280360422899535,1.5047433585885632,1.4800878389024972,1.4578058586954132,1.4342848687168925,1.3990893557922854,1.3435982488689298,1.2695756003697443,1.1888122726893942,1.1163608892694747,1.0638478982486956,1.0345628693887974,1.0236749241263718,1.0230345868876336,1.0241609539141787,1.0197779629509034,1.0076618667573314,0.9943934609478704,0.9959364727676379,1.0417972220280414,1.1988003809915533,1.6611816685458602,3.2610970719956462,20.78722350757838,6.740371134932303,3.9583956759161087,3.312600246487124,3.103814866010809,2.9585221083447033,2.7536005988595775,2.5356507920569995,2.3839859442460596,2.3159748917521092,2.2950552998893814,2.271619615550467,2.2238423807005425,2.1665660630562646,2.1265079861213656,2.1142577386867463,2.1140645567698235,2.111914362165144,2.13002748428764,2.202986701309897,2.3363085953373384,2.484868250297212,2.550792461783779,2.4678690909476746,2.313202709083715,2.2163071138667805,2.24436854804358,2.4212878694491757,2.739988826106818,3.085498017920142,3.2052635946821466,2.8922307409083094,2.316130520658832,1.8174936924120682,1.4906389655212662,1.3495085519924013,1.600501208911007,3.245105805124257,2.27292072174617,1.2003728569198562,0.8208012470092075,0.8647334166577493,1.2033969541685157,1.508149368864206,1.5675529632790177,1.4890377416319405,1.500969719822446
0.7,1.657817964873729,1.2262785859966026,1.5134332572870464,1.9116329774271155,1.8808221753104766,1.8097654747263052,1.7383329911879066,1.680143640686864,1.6395904801328534,1.6178832844669708,1.615963048175104,1.6331579629815276,1.6624134645788415,1.6877679522998712,1.692698498134171,1.67534988436058,1.6516338080501693,1.64060228689562,1.6488493581428583,1.6681726928291127,1.6839434560076247,1.684814537026756,1.6680311371243777,1.6379522201839407,1.6004320091400617,1.560725345796941,1.5258081398467116,1.5041274158763187,1.501432871631522,1.5174512454007796,1.545103741720651,1.5711549090461587,1.5805991375549238,1.5652821173632478,1.5266081892540477,1.4703580857341914,1.4040150222060084,1.3355867014489717,1.2675766589595852,1.1943603696400658,1.1136504641701332,1.0385932453305875,0.9879488541853745,0.9641790896109461,0.9519852000856929,0.9346676672956907,0.9064155643675904,0.8751991537182042,0.8604160048749564,0.8938917003474769,1.0375789278259406,1.444173705386829,2.5965468296416594,6.7160083450762995,9.502668391381286,5.741146090411611,4.429614879180459,3.638554399901515,3.0187283602761212,2.592471248021315,2.3168989781573375,2.1268546094935123,2.003656284312721,1.9615287317333372,1.993233794581971,2.0067949958674536,1.8958742401117952,1.7367489916764562,1.6127227556357018,1.5119266141454348,1.415966920112476,1.3791802593054212,1.6728094666146716,2.415694165080904,1.9887360328388461,1.598040195171115,1.5905741401612983,1.8477658737884055,2.2142299558585696,2.480727205936712,2.488090582550901,2.2576558780974243,1.9788504449934614,1.8308299711334655,1.8483991236293786,1.9565996336670297,2.052288122566146,2.0718366715228096,2.0379621503042737,2.020510443730532,2.0664819311282634,2.166874249974021,2.2738789693436483,2.3705785313052106,2.4752288749603566,2.5545079509887736,2.4558698496977973,2.103593981331233,1.7159568997236538,1.4644436047127665
0.75,1.4353376281124404,2.1691693396696965,1.4280341754425017,1.4202761805047746,1.4354539748544917,1.4651749811700736,1.5049164090889229,1.5494510415743707,1.5954991661193736,1.6422849050369532,1.6875274865656726,1.7223699020825418,1.7354854259423496,1.7279318014127154,1.7161314884529464,1.7155742769136144,1.7272822212188683,1.7371455932474122,1.7274787573041692,1.6953186764939367,1.657781599238124,1.6360462298441791,1.6371223037366402,1.6485494857958363,1.64883438074111,1.6294719742165076,1.6047866369248565,1.5950190395997237,1.6063804373988195,1.6270422749561793,1.6375562872752802,1.6278922700896437,1.605004490335221,1.5821801194758875,1.5640942514920766,1.543299166386579,1.5091200463377645,1.4587205343507534,1.3978560288806037,1.3319651013230407,1.262864817636759,1.1958194661144783,1.1400228414381095,1.0981614689942876,1.0641616510174603,1.0320758331332058,1.0051318688220099,0.9989976376426448,1.041146198573843,1.1767935672789605,1.4981860362479598,2.229885524197718,3.858306339013618,5.670906893804812,5.263840170261823,4.833507368402058,4.762355168725889,4.482625761100983,3.9165226207265325,3.4242715769101415,3.1100946219647683,2.917079498121228,2.7744546524527527,2.6375134167858736,2.498802886932031,2.377301461171005,2.299011833992891,2.2782612626123258,2.3027957816836597,2.3335016259541783,2.329457771805393,2.288581880595395,2.2546435453457767,2.2671012778337403,2.318050421469079,2.365635181438089,2.3855243604609653,2.407669498495693,2.485836497195643,2.6295252077240034,2.754739672391124,2.7472075263589,2.6724457860664583,2.7000808806876955,2.8952099367045134,3.2201132742259464,3.4739193320605564,3.2506615754559083,2.662508339898989,2.2132822411319495,2.0012430926029285,1.9693585537457008,2.088812513228563,2.2904411014494848,2.3321213662478866,2.0662502742856965,1.6826550879449234,1.3420267325667588,1.1170789289104812,1.1219033542678876
0.8,0.1880314686475265,2.7383184290535674,2.1498413270351215,1.7224939287268686,1.603369217102657,1.5610170932713818,1.550595995730711,1.5570272851661562,1.5723580905593302,1.5896136757544745,1.6024743446373781,1.6103965426641942,1.6236752042594156,1.6582770646572302,1.719987309827874,1.792662126694131,1.846270654784335,1.8619202430254564,1.8441356180641983,1.8060913195047028,1.7558694244524828,1.700591076481503,1.652915646394754,1.6257777734415255,1.623513154761907,1.64061145437468,1.6645010052001437,1.676846738543172,1.6596437199998288,1.6111146620679453,1.5519522818180438,1.507811353295764,1.4894079523974797,1.4868358170674798,1.4782108068881377,1.4495023184771496,1.4060573153808573,1.3574489868239616,1.2978048752957123,1.2136039362922162,1.1141184999581808,1.0325699048681283,0.9876147173869405,0.970322150824088,0.9621341573169813,0.9498442652693057,0.9321990270600126,0.9222783265327715,0.9476512340347871,1.0575273517498216,1.3594737031328967,2.172670424683001,4.973561211343976,9.755548271650994,5.012952162012726,3.715079946360041,3.284566993941992,3.0528887248347667,2.8385690212700805,2.663262593894977,2.5613278949544718,2.5150717031425227,2.488546539738317,2.457840771494918,2.412909819816113,2.3552453918081406,2.3082822943158834,2.3124174130973865,2.384390353806629,2.4615179636132334,2.43361503124126,2.287092075336344,2.1080325359041283,1.9715411688655642,1.9053051137868064,1.8878487984705674,1.8697559623903872,1.836674154876809,1.818807094240326,1.8368652307915334,1.8699419205828247,1.865091272551571,1.7948657292389048,1.6993857009046363,1.6374328481219647,1.6292756680017901,1.6553596281613476,1.6825964270556943,1.7102641685977216,1.7834076585624443,1.932170726855668,2.1370948167438595,2.3363466415797105,2.4805473112341327,2.593787361970868,2.648229885878092,2.4862713713878644,2.183187818907694,1.9242120075391906,1.7572677076640721
0.85,0.04151220847140226,0.3589760405386428,5.196412888144775,2.5950701250377373,1.7329962699761101,1.5298426766170106,1.4671407998267325,1.4538156769682284,1.458305439007814,1.4700898986929112,1.489608179755005,1.5195321445616716,1.5567453679741612,1.5913187331781846,1.6158962077087138,1.6320917717952337,1.643424137665986,1.6478117673357682,1.6403853979289227,1.62119551669071,1.5974824374773562,1.5781443037086589,1.5673447390723392,1.563053772868095,1.5599401538772408,1.5532295622121988,1.5417787521270396,1.5302581180325292,1.5289644500089303,1.549101332908075,1.5926083196960852,1.6396414403948372,1.6529260533170398,1.615518428125362,1.549303992004879,1.4798112828624763,1.4108084452906626,1.3343841505681306,1.2494448611931543,1.1644398435913477,1.08868813341762,1.0284506203838955,0.9864784769644156,0.9603182985692347,0.9426411239280879,0.9255265988973963,0.907470626304006,0.8991802191446455,0.9250794809875038,1.0282293255406458,1.2983620849359487,1.9827448157190444,4.004098851430695,7.424434640548186,4.778637688824872,3.6398017896025,3.297898072943477,3.153503550648636,2.9700437028234448,2.726746950567591,2.482483522549804,2.28418164354273,2.162722882319858,2.129272959172732,2.16004164324612,2.1887159760514736,2.16025839875422,2.103226811633439,2.0738598827197374,2.072786088413896,2.0447543225958786,1.9559346449137476,1.8549748675484268,1.8106581667403525,1.8510594976825896,1.9438349164938737,1.995631843972938,1.9630735717500045,1.9103654716325265,1.9106752436231773,2.0078264228185634,2.1859193588197354,2.2706510445578005,2.118650110944604,1.885067799093959,1.7084157562086313,1.6261479330639146,1.6535123238714882,1.7795433908150404,1.9282594003087798,2.001966968816186,1.9788989064360236,1.89849723284129,1.7902873750056685,1.6489585297783693,1.4590120935816187,1.2527743173194839,1.0941886233480496,1.0014685541312254,0.9583316081094652
0.9,0.7391902268659534,0.7898918590307437,0.9446920540829613,1.193344740624993,1.4719386514929826,1.6769242703567693,1.7637059121609753,1.7689347975817156,1.740350015811471,1.7037168344348907,1.6692301886131076,1.6424130462715179,1.6288521056350724,1.6319851098925189,1.6491133352188512,1.6716894416658747,1.6901234788794044,1.6992708635541824,1.6997447094792115,1.694053924672609,1.6828295012724934,1.6655405905961955,1.6435924140419045,1.6208054646094339,1.6005627383129215,1.5836843439604504,1.5692786246218065,1.556581500121293,1.5454757917111368,1.535904776599401,1.5275798057438543,1.5201086004518953,1.5120699436732596,1.4990697967383393,1.4740174964845907,1.4316524630286358,1.3746719229957767,1.3138089594999904,1.2579379130123969,1.2058256691884153,1.1534162714593188,1.1063756889116207,1.0734587815099925,1.0525476126633952,1.0327819297578449,1.00609424784702,0.977176066905976,0.9660677650951585,1.0063132441845855,1.1543469084120834,1.5357689884429448,2.541213507573939,6.259340728237453,13.149448426092693,5.738347771110847,4.2054788495877276,3.681797135771749,3.321464060755486,2.970976651682247,2.696068304716757,2.5149661824016123,2.3942434231853946,2.301243706864751,2.225187743373419,2.173069618219734,2.1565896254904557,2.1789654887296135,2.2254934404170488,2.264627895392182,2.2644591807981675,2.2207010015705,2.163014350955482,2.120296074243274,2.0964676536152513,2.082590428258972,2.07460703341196,2.075515426969154,2.0814949427763145,2.073280417370097,2.0370912187046613,1.9861533024796068,1.9512981696109664,1.9595349509024826,2.0154137045944776,2.0915144255248035,2.14516383952024,2.153891839020891,2.1272371610017426,2.0879702125554864,2.0542126943092907,2.0375660749334585,2.048506634866189,2.0899011416132933,2.125656767886866,2.0562144224306445,1.837284828123662,1.5888242602307978,1.4229278771829241,1.3676335797802317,1.4092814486239529
0.95,4.574674685706897,2.8554747168031196,1.9066906132498644,1.5845728659903884,1.4676743193521575,1.4518362526042186,1.5001427872733175,1.578571135497533,1.6528303260971327,1.7017348859476618,1.7206183974907752,1.717178139631561,1.7066665556543166,1.7040203114844512,1.7124503834365994,1.7193382923877987,1.7077487074919009,1.6741734536298252,1.6336671150731696,1.6060778959102484,1.6011300339028351,1.6166654148865935,1.642040847533156,1.6592211838189221,1.650161940285384,1.6141991482383844,1.5714000188040869,1.5452418682593887,1.5484783315339958,1.5763099132869125,1.6060189093695771,1.615851398368898,1.607368176817512,1.5962882400816005,1.5871020077496023,1.5618154680314695,1.4957398570507499,1.3892763436650515,1.2699975050306518,1.166650856204464,1.0946720539054855,1.0540874466370627,1.0337925546966535,1.02112834373625,1.0075980571529162,0.98984111833032,0.9714644230093353,0.9657625893748988,0.9984051014509447,1.1161113303881072,1.4151720907273833,2.1371517492753713,4.040600129274847,7.169692667987537,5.134284363829461,3.7490889554575335,3.211541212160223,3.010419769689909,2.9672092583877774,2.9954966805763283,3.003206255657976,2.914599821784722,2.7662468110901246,2.64967318159727,2.5903336511703303,2.549036262491576,2.4868785598353167,2.414385556604615,2.368445501509932,2.3595766796120947,2.3596098226231965,2.3317489400747107,2.274147735641098,2.226810315069726,2.2269845922995137,2.270790368738446,2.319387875392839,2.3350835828868464,2.31813849307556,2.3048627298156923,2.3196830684046024,2.3414555667640613,2.330419436811256,2.280153613734487,2.218733647638881,2.1654456842767376,2.1139096342099672,2.0581724529133716,2.016968484961088,2.0161977002816007,2.0573310916481993,2.1077840730927684,2.1212341217932074,2.081537289573458,2.0148246663396745,1.9505728021037771,1.896319206953408,1.8509167558351725,1.8258261447562276,1.8448175866277794
1.0,0.8041188775934215,0.8551002586214913,0.999434296741247,1.2173841476292306,1.439687567085305,1.583310196017958,1.6504692285239708,1.677188814618491,1.686794149854922,1.6890810884691165,1.6879950958232715,1.6882185717977167,1.6970562751795524,1.7173269180071438,1.7377539754452325,1.7396942319440163,1.7197573824365096,1.6963933759272791,1.6916527001032544,1.711738249923042,1.7405175177409162,1.7513288247675716,1.7308399351597679,1.6884577278412585,1.6431408290315392,1.6083599016692278,1.5869973500752903,1.5737850853301552,1.561604556923834,1.5484498489928469,1.5397704294186372,1.5425375896813676,1.5554450093582004,1.565246843870502,1.5562424333292264,1.5242328210813805,1.4761129308549377,1.4177484580268327,1.3476583226024936,1.2635690185208563,1.1753923904069052,1.1022982368565435,1.052673964394803,1.0188595790421293,0.9877097458386361,0.9510833446793685,0.9126492865719761,0.8889811101900063,0.9065280652595372,1.0032719663649106,1.244274754489244,1.7723410406120537,2.985207205817678,5.966898510398474,7.874100507702441,5.846359890524197,4.788960890209769,4.239862226635824,3.8283355322494614,3.4864290365163844,3.186895981325429,2.9001942045274642,2.6400559851525953,2.4402521329805547,2.3131772469106275,2.248259157962786,2.225757554251359,2.2284740810778607,2.249317274844622,2.288404436283521,2.3388247929343358,2.3743839881605338,2.3608809561878816,2.295907414478616,2.221677113053591,2.1815420115950954,2.18625311202398,2.2172565898505225,2.245775294521537,2.251852784939589,2.2256915616016903,2.157923205927111,2.0503098898830587,1.934014661142129,1.8542860120997358,1.8390587240805734,1.8856175371287658,1.9617192680172562,2.0172493358865644,2.014520351911542,1.9599615301010798,1.895608149769707,1.8597919418789208,1.8639864650088482,1.8923341571836128,1.910399034715125,1.891884076482938,1.8494762889636835,1.819559242759,1.8204295949751164
1.05,1.05376035410045,1.1019412721994055,1.2215020438834963,1.3548064329756973,1.4572939767568223,1.5186827010820014,1.5457532844196609,1.5491840341412744,1.5398185497757484,1.5280816412140223,1.5246210603337236,1.5390797534543983,1.5747701583631177,1.623407835142323,1.6683943268711432,1.6963505581695644,1.7050462560927344,1.7001441663918186,1.68792295752325,1.67384680917449,1.6651286148702038,1.6685505006604466,1.6829497153653021,1.6959508113741253,1.6914731649816381,1.6633562046417742,1.6218537147479006,1.5845780717295666,1.5616165841532876,1.550393869276124,1.5417060615373506,1.528503758817715,1.5110356911474214,1.4949227019168319,1.4841843204866416,1.4760792602220898,1.4603074362409423,1.423152462742019,1.3572028809789738,1.2690646010258093,1.176922614806501,1.1002834006685744,1.04808778952557,1.014787399695831,0.9880964526088286,0.9604689461032727,0.9368765193540858,0.9363279027334478,0.9896180783661933,1.1419820950052793,1.4763706245224553,2.203623641113846,4.014599440283097,7.668594119030486,5.926167980133618,4.2432687544958725,3.560297228882887,3.2000516613326293,2.951762051299121,2.770708863825964,2.640751981469273,2.5461620028776637,2.485153471071472,2.4637449148165804,2.472073822302852,2.473095195960981,2.4258163979722056,2.3235349111930894,2.19149301126575,2.060340295304539,1.9588133507606875,1.9133673647706586,1.9398802256653285,2.03281597856382,2.1528070642138704,2.223820395103776,2.188310609405934,2.081228693744455,1.981916143512118,1.9299416911784537,1.918169310876472,1.9171752132786932,1.8992394782578312,1.859823119213888,1.8187591885213998,1.7993800090131495,1.8132785125070197,1.8592422000945137,1.9247085409744604,1.9839113537671047,2.002776139003635,1.9653890374517307,1.8961514334653107,1.837389901315718,1.8134987954647233,1.817331024052705,1.8177160359483686,1.7913861407994063,1.7504669131460069,1.7239347040737394
1.1,2.6360322423653217,2.5721783707969696,1.113612849888424,1.506050303133143,1.6126642005919951,1.643691215129929,1.6413924293313282,1.6253880838113,1.6089055635432463,1.6014079827589065,1.611332341959746,1.6443280766037907,1.6946912554572873,1.739942750250345,1.7541967546770536,1.7318294894058295,1.690783871550718,1.6533148579372847,1.6303606584046488,1.6219850326247798,1.62580647890475,1.6408535876601398,1.6638044176934867,1.685458548472632,1.6946824205888733,1.6859416197279975,1.6610349711143793,1.6252115839455215,1.5851915312742244,1.5502045237246525,1.5300910953083264,1.5287725057144692,1.5391266482839487,1.5451661370784928,1.5324403836379281,1.4989048974888062,1.45338636106915,1.4022920840100155,1.3397910971011955,1.254395553779087,1.1529359392629936,1.066403779828229,1.013889751673411,0.9862236767978277,0.9647702259207037,0.9376666452922376,0.9068464287890875,0.8882778476140135,0.9065550001068473,0.9942905006093755,1.2089576993131241,1.687059220648203,2.8211672980668934,5.471934594263007,6.0827264239209216,4.558152526218193,3.896793424767591,3.597725445178216,3.362480097772962,3.1519098744876977,2.9908874951761466,2.8676548743409667,2.762189977063821,2.6767389553778753,2.6184857479834664,2.5702514868782966,2.498599458836754,2.3961258396285623,2.2961451627966554,2.2375038471569435,2.2334599228024885,2.2684084754187577,2.3072306222268404,2.3111349456948385,2.2612872648781583,2.174604625712707,2.0925055196861573,2.053777987965656,2.071770952370392,2.125650874457695,2.1785366923329774,2.21383167672344,2.2437694147709477,2.2756549009727953,2.280914025812286,2.219616356276149,2.106040691755903,2.0160005075400314,2.0231597916050497,2.1401665899318867,2.297535109888241,2.3775334274588467,2.3137222557897488,2.1692375055031685,2.070098212172751,2.095139246200597,2.2419003510347437,2.4219478614304597,2.482624675890543,2.374351500685095
1.15,0.9496752576502461,1.0022540620483291,1.1688615380147322,1.4542417350420414,1.778533910278562,1.9593472757990436,1.9835414974982586,1.964064935567082,1.9531121799523994,1.9546683349990168,1.95553044260526,1.9403442090209266,1.9073855408889377,1.872443346486902,1.8488234449551906,1.8320186075163973,1.808576162254473,1.7735133039397741,1.734859821341431,1.7036106832502826,1.684514468040645,1.675753500196288,1.6737866504786678,1.6764054845605936,1.6808749358806925,1.6808282488493502,1.6669445943558598,1.6331569437421023,1.5837185104288052,1.532644869116915,1.4960689339687108,1.484581092271666,1.497180561438904,1.5191064989418497,1.5294207238411524,1.5138275217108907,1.4705168948910063,1.4068574754839351,1.3328300459466949,1.2563490258762149,1.1833189276272427,1.1196407149457521,1.0684906014973512,1.026447339315779,0.9866431247306324,0.9458444546551468,0.909847709219837,0.8949653136432801,0.9262494927104292,1.0382042892557382,1.2886945045848572,1.8062605462910999,2.912598977804327,4.873628597376184,5.06368261406387,4.101428209879286,3.6983640421285546,3.605785564513567,3.50205457954533,3.268309290847137,3.007048065269943,2.8295826012435197,2.7692321198375964,2.7934126609501253,2.8119172871270024,2.7355862029241966,2.576224583357444,2.4194211803654193,2.3234678978277232,2.294734409117068,2.3073238261419853,2.3212381166893357,2.300021250578842,2.2320997656947847,2.1382667741041015,2.0526871065792225,1.9999844165338363,1.986393061816036,1.9983680948809335,2.007603996630065,1.9925470520414088,1.9598319714405559,1.93200934906514,1.9180264899016062,1.8999285433651887,1.8465848241553795,1.7505777934353641,1.6443843121936352,1.57231922489083,1.5647931399390493,1.6340494392228169,1.773130294902505,1.9496176270380392,2.1032740575394717,2.1708482821439743,2.133821424532835,2.027516399956454,1.9064855550507693,1.826852438003763,1.8400814336349995
1.2,1.6213582243271227,1.6811934016738541,1.861595464735283,2.1044527676991787,2.2260629096939275,2.15796531694276,2.0269479356717657,1.9141744516929557,1.8295045434664388,1.762637841783298,1.7057259050806923,1.6605181039568457,1.6365320554446012,1.6417116426503862,1.6735095398603277,1.7181581790677039,1.7571728933774293,1.775149974410448,1.76569124319915,1.7354118959799603,1.7023069285186512,1.6848202434411224,1.6883420528750004,1.701309192140263,1.706653093363045,1.698577964243581,1.6841013910610203,1.6691149401564382,1.649347130407778,1.6166872865977693,1.5724881810905036,1.5294296948933623,1.499033359789256,1.4811349307013426,1.4644096833435771,1.4355837794101254,1.3896366647542453,1.3310965573313838,1.266889040307209,1.2020144653712042,1.1426934898269687,1.0979367981621437,1.0718437579493127,1.0577731769782885,1.0434687329252592,1.021132815510007,0.9968375353193984,0.9933811859727351,1.0453581509199013,1.2012015566736554,1.5588449203737893,2.413354738235302,4.921471774714516,7.09960296924605,4.272122807456666,3.319148681443238,3.07429240968956,3.0367145454948585,2.9551966320623744,2.7598786635200194,2.5293569547510466,2.3417113315752274,2.2261470738962728,2.1820704700373783,2.1898592757073527,2.213887327882369,2.216075448159965,2.182182387716681,2.129824560010259,2.0841740328696976,2.054845465708876,2.0345977070594086,2.0123747699490724,1.9872957330214913,1.9697955502757765,1.9694570553787372,1.9860215348928736,2.013495611879445,2.0505529207581765,2.104626741606211,2.182759675135042,2.271967124870635,2.324624011502659,2.2838945180682826,2.1503532919828485,1.989814179291441,1.8618685148363063,1.7832033623190915,1.7482981833189273,1.7556798489924947,1.8151769882086881,1.9387531161308456,2.119833044950819,2.3128441859965103,2.4381496905194204,2.4187902341250407,2.23746905619109,1.9730522553481216,1.7391993829975867,1.6054535148739164
1.25,1.3406416609685725,1.5435256114962543,1.8818720076948745,1.9920936637289723,1.9073386144344238,1.8073549163023281,1.7461328242165082,1.7193544782551542,1.7136475524341672,1.7161110650656426,1.7152617779255133,1.7016380323797409,1.6713505560360746,1.6311180557269243,1.5966851853210957,1.5827025819028144,1.5929343499780189,1.6177019402425805,1.6394380804396398,1.643706953967562,1.629625450108702,1.610663412023798,1.6022979254103,1.6085691179559123,1.6221057260206508,1.6346855840953627,1.645059964573676,1.6567972841471956,1.6695894706176662,1.6739388526891692,1.6560872066608332,1.6107411634501005,1.549221211055151,1.490357414339905,1.4441599444125832,1.408049847866767,1.37323982648025,1.3310412384839476,1.2778297405406707,1.2194862647465847,1.1696975730360641,1.1360641672036176,1.1094379345534573,1.0740187648361732,1.0226229041763628,0.9625728301041474,0.9141095544378522,0.9047013050712475,0.9642958764227051,1.1294062007298795,1.466257571458932,2.1375613975323415,3.59239672275817,6.318263872926815,6.0676389380677636,4.400054816940948,3.533705480773908,3.061455758781365,2.7792247871320424,2.608467917375225,2.4974425787698737,2.407297798907191,2.324759238580586,2.2594618679482013,2.2227695531360383,2.2213028288061203,2.2623671861723036,2.3444655220164523,2.4349651198536724,2.478342823373731,2.4551493578104777,2.401546965532746,2.3539737023608596,2.3097519453527724,2.242919194205155,2.1529867323667746,2.08150040846448,2.061291515196712,2.073871306632185,2.076653961312954,2.0528189516053517,2.017487276819291,1.9912680497657402,1.9808385760872707,1.9793045208600604,1.9796200282200198,1.9839652342618985,1.9973198269461214,2.0117589086910384,1.9984902959275495,1.927101894513675,1.807757510408602,1.6921420067522444,1.6207582479770524,1.5942370738178564,1.5840604165356311,1.5608455075156422,1.521700548676195,1.4838421331960572,1.455276951924946
1.3,0.8953657411339088,0.9489618003311318,1.1331566484243718,1.4759132974773626,1.826362102460742,1.9360682042399329,1.8852196044874718,1.8200670230211704,1.7830045950412874,1.7739916947855652,1.7819947848860145,1.7900236232918523,1.7801197520420746,1.748319395612629,1.7120335415581944,1.6934467158149906,1.7009883017416587,1.7257094458616031,1.747526120450425,1.7482435757308323,1.7253813074979405,1.6929235520617352,1.6687301728976034,1.662378070991685,1.670230156770399,1.6790070729620297,1.6768462387215557,1.6624138739187235,1.6431751643368584,1.6256280530832399,1.6067492260889764,1.5770025660950258,1.5355864694691808,1.496754360262989,1.4769823646588318,1.4810854949120416,1.4974997219887267,1.501329638233719,1.4653892696487465,1.3786807175559221,1.2636869056217659,1.1656616963386883,1.1098908001155539,1.0845176138763566,1.0650012757446112,1.0386366369433861,1.0140178195618965,1.0181937903755074,1.0878199809785525,1.272971047923834,1.680033975245168,2.6144692176221627,4.677576258721366,4.9152517524222485,3.6159538981808343,3.1628018549276327,3.1881709115780863,3.3919303589319934,3.449792767699665,3.2408213541895514,2.9627305214023534,2.758121853424393,2.6307387999430594,2.5351528708579947,2.4349273727485783,2.330926909913379,2.2528618796533055,2.224157053310904,2.236621880042457,2.2494184258480994,2.2138462758537933,2.1197293106618815,2.0136523989379493,1.9550277255837085,1.9700072181767363,2.0490630793547737,2.1619738902362235,2.260874944720949,2.2903236870525086,2.2401959477829494,2.160151245090923,2.0851456164129387,2.0146690912241065,1.950085315845362,1.9094637608115343,1.9103261578170805,1.9535107274633603,2.024822700308682,2.0992480535407885,2.136920590918275,2.0927545050350718,1.9687043324554707,1.834636962452951,1.7622142975199075,1.785677482148723,1.913111203954263,2.12879739699645,2.362938771827996,2.4593612574631476,2.295191001592081
1.35,1.0706279011993125,1.1059286331779936,1.2228566529191331,1.4256688357982468,1.6202349025640523,1.6879850227467412,1.676916022134046,1.65453288015906,1.6402867058609636,1.634486099003894,1.634246283773973,1.6380214084841882,1.6449758099208298,1.651796024513658,1.652154040801028,1.6423694368300286,1.6275065386636935,1.6188493296805326,1.6242709152677077,1.6415643517762926,1.6601110068068152,1.6688196303609837,1.6643322050731346,1.6534439363547406,1.6476328249811243,1.6531030997359606,1.6641489057476337,1.665616164145536,1.6437155128318137,1.5989363487891568,1.5487285295814037,1.5141849071393985,1.5046963068461572,1.5142365808279006,1.5268033445897105,1.5246181665883227,1.4960958712039414,1.4390907566187436,1.3574588226224529,1.2594873512654046,1.1622658665607304,1.0865189253225271,1.0401319551495385,1.0150799696346982,0.9987104321096365,0.9841352318402232,0.9763410099764027,0.9941962587134583,1.0694025599411234,1.2522655719856859,1.6480520233670088,2.5548171825800474,4.772324758524156,5.642268258351463,3.9739189830969748,3.3349574843660204,3.20790655119934,3.2090574607351985,3.1321512047029785,2.9675339835792314,2.801612262166784,2.6830709453448676,2.6095077521914845,2.553854192420177,2.4863182897369773,2.3932969896335794,2.2837614857227018,2.1771530168304647,2.0900403929723566,2.032935631135541,2.0099688617521907,2.015876682213005,2.0357744206780395,2.0538871165223846,2.0677929082000004,2.0926072012421866,2.1411052119137097,2.19249452568456,2.1890086797689867,2.09123032298351,1.9372134096134104,1.8065006540442305,1.7419195398762957,1.728716561040515,1.7326389808561717,1.7452108222706282,1.7847251407798468,1.8580806682682716,1.9304471448999099,1.9474515846621265,1.9037240357693315,1.857536809562885,1.8702894942352066,1.9521358366949546,2.0168320843413348,1.9251685221112602,1.7126256877059334,1.5367694143724693,1.4729629045170882,1.5259368097650197
1.4,0.9063525783821801,0.9307817811447311,1.0168946434352588,1.1946318332828638,1.4434387506126432,1.6337736831576828,1.7138101822903982,1.7346889960035783,1.7351394693353788,1.730068501665621,1.7259915860763075,1.7275896972510825,1.7362090365930078,1.7467632711978647,1.7507724693787388,1.744696612048769,1.7324493201887574,1.7186429033135264,1.7032853114139654,1.6847615181465254,1.6656661625292941,1.6525767283154364,1.6488554868935033,1.65005225030345,1.6491046495892048,1.6451802188194489,1.6441169614879367,1.6489703198112209,1.6522639650817823,1.6398734999815294,1.6040518268769974,1.552693391786085,1.5037402137695954,1.4706486566674608,1.4542222290300029,1.4440934246367372,1.4245850468691599,1.3829016973962813,1.316180974374066,1.2328241703709029,1.1501699966181196,1.0870807007162404,1.0497239652661146,1.0275646181258355,1.0062750922406956,0.9805118410585523,0.9585182882786727,0.960093878935834,1.0118310874989551,1.1498279032032424,1.4437772057836775,2.0722540684361275,3.5572330522915276,6.420030218310194,5.868815128909154,4.471923200942185,3.8449397068069233,3.4405828138379486,3.0441378646195405,2.69117341570584,2.429757786742724,2.258033908388984,2.1626397924877625,2.134991288787161,2.162983856178307,2.221495539469337,2.278222176049431,2.313829611679355,2.3337805856549307,2.356370636476033,2.3908684310150625,2.4215630759535904,2.4113329725786374,2.3427593759136585,2.2537984125234116,2.2102456971631854,2.266468644168124,2.439742709317043,2.6478467753975266,2.690883193369122,2.514439005226013,2.2882004209087774,2.1341569229822115,2.0739832860476404,2.079062009936144,2.0907314277028375,2.052220871589651,1.967596280380386,1.8965201018361615,1.8823527721411866,1.9191508895299494,1.9599972353226656,1.949399665536217,1.8846026749506735,1.8225745914081402,1.8088375500671825,1.8382935596244898,1.8639196259333337,1.8361019081274812,1.7614672481462146
1.45,1.3481412707035063,1.3990874068991876,1.5527912666641992,1.7794760451570046,1.9153325756175508,1.889000425469256,1.8302133895616215,1.7914997184323174,1.7713932509165875,1.761940191581016,1.7590708179115029,1.7631746007393754,1.7739822073366476,1.7837958428919567,1.7802186901107562,1.7598942361733085,1.7341904254114802,1.7183702226154638,1.7188264428185702,1.7287666391641179,1.7328561642587323,1.7185563282645866,1.6858573293371262,1.6461684000307995,1.6133611161140033,1.5960197690617046,1.593915013908753,1.5982528230095367,1.5966056093013694,1.5818246626955252,1.5582222264063332,1.5376918996392879,1.5280180782723853,1.5242525169314114,1.5122595500291303,1.4815511553906553,1.4330045679208547,1.3733798957236687,1.3059840681755903,1.2304899598410939,1.1527750414222666,1.0877093614889495,1.0436426610006742,1.013004503089064,0.9826200727679062,0.9471987902170713,0.9159028160901103,0.910707019317953,0.960095135476057,1.099383818939512,1.393383042243296,2.0168671803134814,3.576013320642127,7.646000631167076,6.362210525178447,4.4147198911450225,3.8337491698651074,3.638288352129552,3.376956785178524,3.0031521077110668,2.7032506089444293,2.5665483589267923,2.5533814968570776,2.530519596421772,2.371482224130298,2.1245461074924643,1.924080199380175,1.8316372923642064,1.8407796436851498,1.9144202877499552,2.005842441453608,2.0888037646076323,2.1733556762694155,2.2674503964723676,2.3423217814777577,2.3530961543906486,2.293328039214395,2.204723559647682,2.1187577362393784,2.034563185229669,1.9546445201086922,1.9027839889624838,1.8985460097065432,1.9317840867671863,1.9653931808364666,1.9655723736286166,1.9353876815916549,1.9028864622550266,1.8800253969497815,1.8535019623187265,1.813811796250709,1.7767400060829017,1.7609862534470757,1.75907659922827,1.7422222902410431,1.6979950653042355,1.6528535153477053,1.639181978010831,1.6613630671524575,1.6914427589908034
1.5,1.1580778763680497,1.1985205281269924,1.3199584992960878,1.502292992027406,1.6655374951364692,1.7242302937553031,1.7068999509740197,1.676281068943967,1.6547807175510079,1.6425819737979124,1.6352420276798825,1.6311522897612256,1.6345186732882044,1.650660336062128,1.6762321987681477,1.6970015686847564,1.6989322223106964,1.682173107375784,1.6613471588249733,1.6520117504495677,1.6582594284627747,1.6708930151843762,1.67666585864539,1.6698355939677436,1.6528472631815265,1.6278176555028547,1.5929598497663442,1.548646779188377,1.502896358498681,1.4677463331082505,1.451839025320328,1.4562783039159246,1.4748274883636727,1.497769347392122,1.5160522921511084,1.5219117811914002,1.5093260078379311,1.477319352616913,1.4289999210481648,1.3648939541569287,1.2835193474898638,1.192776377492813,1.11089631704688,1.0496637885954765,1.0077523578998693,0.9792165680745457,0.9623836589986866,0.9647339039646654,1.0049005982265562,1.1170519781657051,1.372266810663086,1.9653645541258506,3.701272726028317,13.13701918147048,6.418595358838698,3.6532546868126246,2.791191857193434,2.3156541741100134,1.9700422217320304,1.7360353256396004,1.6202707426406289,1.6102860076231778,1.6749286918055712,1.7724285244863232,1.8687902355168915,1.953024118230538,2.038396023877585,2.146533098664876,2.2778432643127435,2.3982014959647833,2.462779905317266,2.4521175443996643,2.3790944558200304,2.276858040582285,2.1825863265450596,2.1218397159093425,2.1057056350426357,2.127495094703739,2.1519715330321376,2.130825533738885,2.059714920778733,1.991823971829744,1.9861556408916146,2.067365443571656,2.2026888803499602,2.29234667349734,2.248100077821618,2.108055181203806,1.9708833961180143,1.8839231394666334,1.8404092608483078,1.818314081844437,1.8071530996088818,1.807892511016425,1.818780169563034,1.8298963508034884,1.832452248478698,1.8270321038253792,1.8148782796181953,1.7872461126053363
1.55,1.037693960785184,1.0721372274149308,1.183676997298789,1.3684394281720464,1.5559083859751057,1.6623909427213988,1.689828422025363,1.682649200111551,1.6708620806831065,1.6653023799653148,1.6664050370516446,1.6703123778609548,1.672637599972049,1.670644024079314,1.6633013639849015,1.6507633716910424,1.6353171687564447,1.6219813911808012,1.6161363277822607,1.6192942314906953,1.626625543274257,1.6295419283651176,1.6222207094403578,1.6057340936438704,1.5860005220430333,1.5685945300128852,1.5557709082772866,1.5479612239017853,1.546490107349243,1.55267186312408,1.5635888954609434,1.570284330173268,1.563161341445618,1.5404801842105,1.5086399643941075,1.472861361074378,1.4304442183046728,1.3739729821802853,1.299905169734411,1.2147692842084907,1.1339334258167146,1.0708452461835765,1.0257405613374824,0.988477328164005,0.9511307437781612,0.9165881449386466,0.8990714781344012,0.9192832693171363,1.0006211239183898,1.1757401498191842,1.5148838688147435,2.2080183166890586,3.8008727131815196,6.531624023143992,5.897978683001285,4.685167953323421,4.181976378605397,3.933225373201479,3.7207978904032935,3.5368099071750323,3.4237809469429066,3.3504507219692994,3.2172686694561223,2.9783193719951133,2.70864106666526,2.500498465947629,2.39081750466169,2.3701547982741613,2.4007372822879,2.439908948627432,2.4678287529153415,2.488975918047619,2.5026752202979945,2.470640334939803,2.3358210096674954,2.1194035746317414,1.9257043793660475,1.8243661596402834,1.820439300927327,1.8741197761080128,1.8929587687383724,1.8161803330270951,1.737838747237136,1.7638276494879732,1.9286158272261815,2.239909129942667,2.6484765845779847,2.9514026983320236,3.248915870130711,4.002566722272501,5.524916923265879,7.25136660682116,5.1990340995419,3.1580427362669514,2.256180604700341,1.8424130862560335,1.6427036143376998,1.5632645581516686,1.5835101709748434,1.6991637379124143
1.6,0.9120228235551403,0.9435947145783459,1.0588098140601871,1.299717979181947,1.605853973343081,1.775245947653775,1.7977454142945406,1.7790448305408098,1.764902515070712,1.7603745781300588,1.759913131878001,1.7574035360639533,1.748016196582963,1.7295046222104427,1.7039105296591381,1.6767891148618048,1.653953754986975,1.6381769449726187,1.628026483626979,1.6197002373284217,1.6104607898970527,1.6006131279663796,1.592252712694452,1.5870554452736716,1.5862324394368015,1.5918315297011723,1.6061549815909761,1.6283111607612732,1.6506490886037228,1.6588680548384431,1.638673725421482,1.587906869082346,1.5216551387307373,1.4596156145001833,1.410418203251849,1.369528717582492,1.3267620962386373,1.2741975674394588,1.209704296206442,1.1369349839352423,1.0656271907379427,1.009105751161185,0.9753250099853265,0.9611557099954969,0.956476117979598,0.9522435702434924,0.9478801093306384,0.9544944583018677,0.9926553325071248,1.0938880239478062,1.3209054953939032,1.8383171981200908,3.209829719818429,8.27502281335149,10.513962450043886,6.231313045694132,5.095075161651004,4.633559199215659,4.145351511515208,3.548510726619526,2.9972993830264816,2.5831125941283535,2.32546908382353,2.208950239135201,2.188238760171249,2.18982860115824,2.1498572012670065,2.0725630099149708,2.0100035437896833,1.9905936985669193,1.9952207958165977,1.9839656152002745,1.9502781815372405,1.9536139087442324,2.100736088878255,2.533646226668964,3.4523942343420395,4.954896331262546,5.800039235130466,4.8859744095268125,3.9429671312166783,3.4443676734432396,3.1042295670395905,2.571675638658779,1.8825958789750938,1.3292198890489635,1.0077691958179489,0.8827211218529986,0.9080191886255503,1.0481470598442824,1.2560414638259287,1.4541305741771051,1.5849506449308457,1.6684095922349131,1.750822393559112,1.844515568863831,1.9281255349961326,1.9985301541300806,2.1222554230897,2.3737655949811565
1.65,1.07762484120085,1.0974246132077217,1.1656677926367986,1.2991734890056374,1.479757959872415,1.6243275821895948,1.6889906566951882,1.708554065654576,1.713750515319902,1.7135623007819145,1.7101072462060374,1.7070685104103456,1.7101516736253977,1.7223522277045344,1.7398895089925244,1.7547105388710464,1.7607413278573745,1.7570399374086927,1.7466461974843437,1.7345085210418247,1.7258696814784065,1.723649261770717,1.7253678504407493,1.7231152952566697,1.7085111205984713,1.679792345031663,1.6441438733993694,1.6116486505942411,1.586986108118938,1.5669533774607982,1.5443959895606807,1.5150342829497052,1.4828890354216806,1.458475420407692,1.4498390970822765,1.454756334180994,1.4585124263786042,1.437475703679893,1.3717622203403992,1.2639376985367157,1.1436625933189537,1.0451523731391428,0.9809216743970078,0.9416401216792755,0.9137402104475747,0.8916693085467432,0.8801424046527532,0.8914966189339726,0.9433673930978786,1.063510904875009,1.3135846804805242,1.8774584652221418,3.5725324022202414,17.73624564858416,6.242262395106285,3.556381613807673,2.9165334365470583,2.77043414798094,2.8158784687195832,2.9246741312849283,3.0156762248206186,3.0418213986354914,2.992193033332884,2.8911230255400087,2.784714127663827,2.708825710538721,2.6596387218874877,2.5997841293933153,2.4896665097161708,2.3088816963612224,2.063292592649876,1.792107966484689,1.5703910795012697,1.4733809687595891,1.5159370363413094,1.6156748555446603,1.484443169493004,1.000395691922807,0.8985253986792433,1.2989047247349113,1.8471520944230841,2.2969681169734315,2.4525750344897577,2.324610383105186,2.0700012204564047,1.8497567666840096,1.7500549948380795,1.7830820527165503,1.9319828003944726,2.148192796055615,2.2924390577911833,2.226772320895507,2.047564763576749,1.9128770475080819,1.8689994588845538,1.8957846840295478,1.9447678337612047,1.967658025442219,1.96069429285971,1.954222807137619
1.7,0.9324296190659794,0.9682716855321456,1.0870258707284215,1.3048527606006444,1.5642485397860972,1.72268087503227,1.7604125640266581,1.748642793949332,1.7317514813430088,1.722389873617468,1.7167512837359646,1.7051475883486755,1.682359503853406,1.6538702347900476,1.6307395791832593,1.6194584497518287,1.6178331337394973,1.6176360991675316,1.6099635590593415,1.5912541196635273,1.567797076207408,1.553664912943078,1.5600970062680293,1.584174344343852,1.608284924685744,1.6134997968336504,1.5957338002738157,1.5679991638031252,1.547237990242719,1.540931205122692,1.5454902197247287,1.5544364402435145,1.5645435975555733,1.572263483505859,1.5663924688147082,1.5317425268622635,1.4650513175393425,1.3765935041800779,1.2742052845174179,1.160414012695917,1.0478050612520957,0.9616824588479351,0.9118262999667529,0.881696495125383,0.8512942297924809,0.8136032318686478,0.7762522653199276,0.7556305629638644,0.7687876894557718,0.8323082039593032,0.9754973726819414,1.276389198205889,1.9700558099966698,3.835686444039326,6.275696913229108,4.652198711133346,3.920319902417648,3.9034575203562523,3.985730847555343,3.898864182965449,3.9364146098090096,4.428743201450222,5.641024140282416,7.316755815593161,7.296882118486766,5.143333347107676,3.410185964682779,2.630083396362417,2.376820523754778,2.309739471967773,2.237283957454247,2.115168331358958,2.0005560825862956,1.9486839215016094,1.9620711941603002,1.973280533774283,1.9197878837915159,1.8278183004059496,1.7344997684097287,1.6419928341547825,1.550377373460906,1.4809211900982524,1.456406968527157,1.4720774427727046,1.4977810838867605,1.5031815154422388,1.478787522194184,1.4393250848114205,1.4108928762247526,1.4109782358142673,1.4405427360872165,1.4927182992875192,1.5562636304866468,1.6083628388214082,1.6213890953449648,1.59597123840024,1.5636913534348795,1.545376324681629,1.5334073742784182,1.511013735811854
1.75,1.0210987372425253,1.0367571984169976,1.0945713602390148,1.2237646124491428,1.433902811277614,1.619620297464743,1.6908135750450424,1.7058855694656307,1.7132952283181067,1.7234452846440547,1.733438566134701,1.7387533366257009,1.7391314972593015,1.7393813634570583,1.7429628287462213,1.7467924445929925,1.7449106680994608,1.7353840526389084,1.7211414708931068,1.7049314552877468,1.6862470515089827,1.6644811020691077,1.6432793383994944,1.6288713434349864,1.623878560426016,1.6234157928633248,1.6180048675824807,1.601892670878048,1.5774752685141902,1.550201440566799,1.5214360853306317,1.487752099450845,1.4464632548084426,1.3997569435603763,1.351822440301388,1.3045653591866788,1.2576855389338553,1.2107323563039232,1.1640448316482623,1.1191282006500043,1.0792005128197015,1.0475606661491779,1.023862270293262,1.0039871381137837,0.9842976964850233,0.9661918085329082,0.9587204223401867,0.9777859016065679,1.0440532216029477,1.1890543383959062,1.4843453539585048,2.140544319624508,3.956029747104189,8.704032340040552,5.718154332898988,3.8855498556764974,3.289129886172935,3.1618553929182034,3.3985404793012535,4.231182799475681,6.6806765350107495,14.654744574201377,10.602593596570301,6.043522620106522,3.854661330838945,1.9035292327492992,1.0678350386070272,0.8767112889615988,0.80259519894998,0.843068379883417,1.0916791812930349,1.443999123947361,1.7322009371806897,1.9182205126276055,2.0478600173571144,2.1584235316933853,2.2285573705091513,2.1963118507169,2.071010682209749,1.9369682381186257,1.8539457907296186,1.8418036819245331,1.8924246040665804,1.9584090246757284,1.9738221510401104,1.9284688384888473,1.8701106520457444,1.84218254287949,1.8578645193415417,1.9011181264534043,1.9352842613226477,1.9293499790704214,1.888785772985364,1.8455503671407505,1.8227378600329052,1.823094865261273,1.839833838070053,1.8665611407175446,1.893747982452088,1.9011064444697892
1.8,1.0301712627125013,1.0745526083033716,1.223850536887518,1.4718451220508604,1.6688821155029256,1.710890108488321,1.6840751773567488,1.6570247012278163,1.6451745063363516,1.6435441676427693,1.6419113380422987,1.6335003175089775,1.6211401111654933,1.6139534359503913,1.6170048956468763,1.6271575339047262,1.6379113129735763,1.6458338392924556,1.6519934410639756,1.658001504137775,1.6626804635703027,1.6637862562314205,1.6620215659901356,1.6619317588860358,1.6684654471861247,1.6817437664186734,1.6935941922325517,1.690816673964556,1.6664620586195364,1.628051570764201,1.5909056285788223,1.5630169444859967,1.5376942958387045,1.5021393618294363,1.4528659055908306,1.3999249382963552,1.3551411614216364,1.3168721950662958,1.2691184211254456,1.2003795136599895,1.1223314474377153,1.0625259485264915,1.0370149031488345,1.0361841706916852,1.0360183174179518,1.0191984212929484,0.9906390926149192,0.9760380763145385,1.0106115158687963,1.1445859340209703,1.487197799321498,2.343854669168041,4.304528771113771,4.329464269757025,2.925304034963894,2.24192460595792,1.9814695422531448,2.2880934946247917,3.651336553328628,4.497986007312194,3.094574279256537,2.00951200334406,2.0798749249774477,2.2033421790099337,2.2147906009608387,2.1789614370472696,2.1633049616582416,2.1604254438917385,2.1023392782484853,1.955548489389263,1.7812817514149535,1.6522748664086242,1.5866049665624282,1.5680296483794738,1.574581085855625,1.5886852790213042,1.599119849458957,1.6007564984634877,1.5943397109137893,1.5891277404836832,1.6036223963319263,1.6540482455567025,1.7346682308271602,1.8143603266342498,1.8609972461999253,1.8713679797794567,1.8695281892604867,1.8756668815704607,1.8886425230132435,1.895770532031036,1.8931964584053143,1.8929192044834589,1.901460788024637,1.9000207400658968,1.8594026832901585,1.7717957602097054,1.6579620439525717,1.5453109737126294,1.4522521880842003,1.3914183350994724
1.85,1.2469720433839244,1.3022215174418703,1.4900195479579668,1.8108472261082507,1.9725533747613664,1.855947752991694,1.745743692008661,1.690546439841666,1.667020249666651,1.6574340632711586,1.6520598169422551,1.6485876193418307,1.6497524207391332,1.6565742831091268,1.6627431337855811,1.6589573093953067,1.6441910863104985,1.628666340814758,1.6240648473400858,1.6334424015172324,1.6485981587405023,1.6549096928605853,1.6431113465767082,1.618739437796701,1.5964834985782415,1.58561643376346,1.5820293365463531,1.5733918780280884,1.5533748238528609,1.5300067681418659,1.5187336900340511,1.5279945073750127,1.5490625092833703,1.5595523995591198,1.5406070296253107,1.4917111440182211,1.4293638660580692,1.3713167106404514,1.3212583544376655,1.2684043406454575,1.1996164968221847,1.115931925824967,1.0384171246928078,0.9880519336272331,0.9672219169325731,0.9661552792427087,0.9753597994476557,0.9923454286687394,1.0250039672494948,1.0937517695052805,1.2361801829525365,1.5233820322456764,2.1095744999843182,3.310371590853389,4.55352106840205,3.6562555166269317,2.78723519100174,2.4300065968289553,2.364649430983466,2.4476580162926953,2.4578847283692538,2.058793051593369,1.4628222060721547,1.1132726233327477,1.0392192229901553,1.1353003689009236,1.3109340534034157,1.4924471344440255,1.6199395988073035,1.684466434577211,1.7338560871602695,1.81856968083398,1.9425304212323085,2.0192600333266135,1.9396657086435858,1.7769170534416325,1.6629934669082442,1.634672622927378,1.6798556785737424,1.7704185687987815,1.8611722388862386,1.9135707245592886,1.9347569677662275,1.9514378841562996,1.9667070060645502,1.962204668267666,1.9283667962530582,1.8849711927315291,1.8614455524956512,1.8662241384981169,1.8763587162760176,1.8562360552528154,1.8075674749338269,1.773746776910192,1.7808382917300076,1.8107572548854285,1.820285982126489,1.784503032118762,1.7189925047197734,1.6511968207599472
1.9,1.24642925245212,1.2845568013832211,1.397159777084902,1.54912892060689,1.650663226741137,1.674480185060138,1.6725046452602892,1.6716649805126111,1.6703949428346747,1.6609846708493488,1.6421534406016518,1.6233753211465787,1.619031125293382,1.6355516837438204,1.664277820986333,1.6907932564193282,1.7101983347100052,1.7279545383774146,1.747519617937468,1.7610313788150034,1.7530284700751892,1.7163936367035493,1.6634278101278632,1.617297214334036,1.5961805270442326,1.6047127119097595,1.6328503862962638,1.6603266723903514,1.6654923363136285,1.6361153724803417,1.5785533642774168,1.51588255277454,1.4701793212309437,1.4462411606227505,1.4326422679360042,1.412876643206185,1.375082117681908,1.3149410316202166,1.2322093986839338,1.1306302582569554,1.0252730381193496,0.9410130307103308,0.8936406754141486,0.8778963569959539,0.8762641933418759,0.8724743817652142,0.8600934523426962,0.8468623170889544,0.8534981601964124,0.9105078796834287,1.0648472838167884,1.4128630182170978,2.186212749206667,3.5740070594439817,3.7406802193639206,3.0382445332300736,2.735604596798659,2.7202046053689095,2.811849032917697,2.8483324498002127,2.796953477050529,2.7637738553557214,2.807727722031072,2.877950774514908,2.8928345850311796,2.846809877014099,2.8105899113137647,2.8412689010826844,2.9219865877955646,2.9661937814986543,2.886261297508232,2.6863471032014448,2.4668368233002456,2.3280839854439224,2.3003445368765947,2.340771036274302,2.359932694758168,2.284944130811133,2.138285532450773,2.00157631928258,1.9260019575535305,1.9228526880546295,1.9881638433220103,2.1092035694221485,2.2528336876907096,2.3640770673660407,2.4037674070325497,2.384531955403796,2.3464950050024918,2.312863935425013,2.276659631755979,2.218352806601581,2.1339238974540145,2.0446160908749964,1.9813331858861716,1.9637566780587417,1.987451787881184,2.0230023310446885,2.0319661027522744,1.9956856459907868
1.95,1.1847375226508827,1.1993150782393964,1.2446804277625136,1.3192300379598725,1.4092478450312937,1.4903218248814798,1.5421524114148573,1.5681736370604074,1.5810217570597311,1.5901908761456776,1.601882573304931,1.6180475797876774,1.6339033525050135,1.6410059103825887,1.63636897175516,1.6270201773614268,1.6240990833167128,1.6329365158133138,1.6487398359383014,1.6606187250360198,1.6603764702007306,1.6503281406829426,1.642307432902093,1.6469515233016958,1.6644574030409265,1.684178377935707,1.6909469667604031,1.6749291323153959,1.6395799341060586,1.5998862450843392,1.5717495316851442,1.5618744145570513,1.5640323065275188,1.5633826155367678,1.5476531132023053,1.5152505652135368,1.4711863483487113,1.4178111960848327,1.3521839218105391,1.2724614628878281,1.1861551324240291,1.1088231378968172,1.0520773142384954,1.015999728184809,0.9941351027096791,0.9821821108974158,0.9826517769700275,1.0057097913389808,1.0697408675498192,1.2073277865159395,1.4861901582031973,2.0692307777428995,3.358473872939934,5.345549906133099,4.86448741384201,3.781728906998288,3.216485664137295,2.854009895045482,2.5265906279095636,2.2300375621655197,2.004784111368689,1.8750096824598383,1.852672350990251,1.9371867806604142,2.0973046136751785,2.258159882871849,2.334590764180299,2.3068507617188443,2.2263750584714006,2.13820273220157,2.051821974452297,1.9685588932828153,1.8911132152545622,1.813583576930288,1.7267991713862207,1.6457977037181881,1.612219814682539,1.654175128650282,1.7434873377505693,1.7837015937293925,1.7165786972082497,1.6171855286654089,1.57287471810933,1.591360665529358,1.6196755637396818,1.6121800630952334,1.5774051747042486,1.5636578744133798,1.624428242065399,1.7673846908435,1.9321516051221521,2.0560053825230944,2.135998432555544,2.204168439471144,2.261992270220747,2.2504022445910814,2.1260292017690117,1.9465456293194197,1.8155959179045689,1.7928382138693295
2.0,1.1559308514971276,1.181695807791985,1.267369346304767,1.4192704548165231,1.581143096396025,1.6641951976971248,1.6792761395775602,1.6754609195076815,1.6746189626485493,1.6804555719131589,1.6910013590922695,1.7023388566232291,1.7097643673738323,1.7108070805879958,1.7076622110554454,1.7043437835449502,1.7015804746778371,1.696050687825689,1.684707669048847,1.6698248570476077,1.6594430884894793,1.661336005071737,1.6759178619608615,1.694847183441096,1.7056418941217864,1.6991957416079353,1.6762434769422028,1.6475800670659158,1.6271596215919184,1.6233269991755386,1.632644938961909,1.6401745555350626,1.631279750807027,1.6055545318241473,1.5739606922791345,1.5450898317055695,1.5161862843472047,1.4726681651834381,1.3984790949326604,1.293505393912232,1.1812677227365145,1.0939115037932858,1.0446462689011748,1.0188568822121362,0.9923790027537434,0.9524008868961183,0.9054589793572293,0.8720683085505747,0.8760600222133691,0.9418834534056085,1.107687518850927,1.4633363489719582,2.2730898753172304,4.570542388484534,10.270671280804429,6.329411350348482,4.342463661045282,3.5969036055896653,3.2434024661649143,3.076728392836999,3.0334566552464337,3.0672552012539427,3.125134354192366,3.159842211309081,3.13985904683225,3.046165231755955,2.8902247244459733,2.7306842815171284,2.6237310207990268,2.5691634787742452,2.5233518520805287,2.4528887106655946,2.3782495424817216,2.3576775054309924,2.432896102613223,2.5716743555551096,2.6123115584929892,2.4180872700328875,2.124730625369189,1.904248281561292,1.809102369653434,1.840993577392807,1.9785803763696177,2.151078957480926,2.2384629543128036,2.177044718051168,2.0255700344131817,1.8780444286098772,1.7892770611253652,1.7695023866080133,1.802550920195433,1.8598576262672442,1.9090631427524287,1.930925726432817,1.9381611801457195,1.9668675692978843,2.0349689622690974,2.1015956210640434,2.082598134181779,1.9406206661774335
110.0,1.0849487127210378,1.1037316184558283,1.1730747582871934,1.3306689529961564,1.5790500918481611,1.7299271925771504,1.7095802037416017,1.6638154907920852,1.6457749478299453,1.6542216767987517,1.6784926721200815,1.7066534602849244,1.7294788857510666,1.7447917481437276,1.754793709017712,1.7586541050653495,1.7515188967255926,1.7312430792730211,1.702991746734605,1.6753846241677846,1.654050079265181,1.638801088611961,1.6249830909708334,1.6084013290266819,1.5907777515794312,1.5791778773778287,1.5794170515413517,1.5915608770620318,1.610368866870424,1.6275385737721217,1.6344946812047958,1.6262550517320264,1.6036799339164363,1.5706359764644917,1.5299683268966011,1.4837143437534956,1.4348664397849014,1.3851224602296486,1.3303245398518782,1.261907738438713,1.1791151469167487,1.0995050317829593,1.0454027144173073,1.0215435632119232,1.0155044092460523,1.0132375749185452,1.0122792262355707,1.027147664631155,1.087881334328592,1.2434252564734647,1.5943243346704998,2.4328816778092315,4.989802081248702,9.517059323018815,5.219458169152505,3.7441868240373277,3.2258124538384676,2.9646433726723838,2.7627301832594453,2.5983586718168863,2.4887940724379143,2.4271202372532312,2.394813669441735,2.3837955011812664,2.390457968930221,2.400536972262142,2.395052709124624,2.374970849457591,2.365337017621963,2.384824110875587,2.4202658459755395,2.438633423136271,2.4239183991885995,2.389417486660129,2.3532530209115325,2.3154544609137013,2.262773518881653,2.1917150206747738,2.1152631285840227,2.0510675441512505,2.014084010194536,2.014952870280648,2.05526538162644,2.1190248002540346,2.1685922638739705,2.1641254818864604,2.1072229701108816,2.044577003654463,2.018152950210158,2.0369170886644903,2.0814714714479714,2.116326664771699,2.1107368203777206,2.0645429534773614,2.009395770517254,1.9875682560205765,2.0419726910742253,2.2113229505543948,2.4760944597660393,2.64093152140138
